AIC,Params,Seasonal_Params,Model
1245.5099020628268,"(4, 2, 0)","(0, 1, 1, 14)",<statsmodels.tsa.statespace.sarimax.SARIMAXResultsWrapper object at 0x7f90971df730>
1246.6675490264158,"(4, 2, 0)","(1, 1, 0, 14)",<statsmodels.tsa.statespace.sarimax.SARIMAXResultsWrapper object at 0x7f9006f105b0>
1250.6015675671435,"(4, 2, 0)","(4, 1, 0, 14)",<statsmodels.tsa.statespace.sarimax.SARIMAXResultsWrapper object at 0x7f8ef71afd90>
1251.3479695082058,"(2, 2, 0)","(0, 1, 1, 14)",<statsmodels.tsa.statespace.sarimax.SARIMAXResultsWrapper object at 0x7f90971dff40>
1252.2356311528122,"(2, 2, 0)","(1, 1, 0, 14)",<statsmodels.tsa.statespace.sarimax.SARIMAXResultsWrapper object at 0x7f8ff2430640>
1252.600781384122,"(4, 2, 0)","(4, 1, 1, 14)",<statsmodels.tsa.statespace.sarimax.SARIMAXResultsWrapper object at 0x7f8e6b51c700>
1253.797248505299,"(2, 2, 0)","(2, 1, 0, 14)",<statsmodels.tsa.statespace.sarimax.SARIMAXResultsWrapper object at 0x7f8fb4da6220>
1254.6007621883277,"(4, 2, 0)","(4, 1, 2, 14)",<statsmodels.tsa.statespace.sarimax.SARIMAXResultsWrapper object at 0x7f8ec7433cd0>
1254.942568160738,"(2, 2, 0)","(0, 1, 3, 14)",<statsmodels.tsa.statespace.sarimax.SARIMAXResultsWrapper object at 0x7f9020158ca0>
1254.9473974389894,"(2, 2, 0)","(3, 1, 0, 14)",<statsmodels.tsa.statespace.sarimax.SARIMAXResultsWrapper object at 0x7f8f453b5370>
1255.1675680555536,"(2, 2, 0)","(2, 1, 1, 14)",<statsmodels.tsa.statespace.sarimax.SARIMAXResultsWrapper object at 0x7f8fb72e6a60>
1256.601388383461,"(4, 2, 0)","(4, 1, 3, 14)",<statsmodels.tsa.statespace.sarimax.SARIMAXResultsWrapper object at 0x7f8e3994a9a0>
1256.7199016638465,"(2, 2, 0)","(4, 1, 0, 14)",<statsmodels.tsa.statespace.sarimax.SARIMAXResultsWrapper object at 0x7f8e8080e760>
1256.7795516646868,"(2, 2, 0)","(3, 1, 1, 14)",<statsmodels.tsa.statespace.sarimax.SARIMAXResultsWrapper object at 0x7f8f453baa90>
1256.795737433685,"(2, 2, 0)","(0, 1, 4, 14)",<statsmodels.tsa.statespace.sarimax.SARIMAXResultsWrapper object at 0x7f90838e5370>
1256.848331047802,"(2, 2, 0)","(1, 1, 3, 14)",<statsmodels.tsa.statespace.sarimax.SARIMAXResultsWrapper object at 0x7f90078cca90>
1256.9388538592268,"(2, 2, 0)","(2, 1, 2, 14)",<statsmodels.tsa.statespace.sarimax.SARIMAXResultsWrapper object at 0x7f8f88df7970>
1258.6007642752995,"(4, 2, 0)","(4, 1, 4, 14)",<statsmodels.tsa.statespace.sarimax.SARIMAXResultsWrapper object at 0x7f8e32206eb0>
1258.7181973204465,"(2, 2, 0)","(4, 1, 1, 14)",<statsmodels.tsa.statespace.sarimax.SARIMAXResultsWrapper object at 0x7f8ea3fdb8b0>
1258.7421388492412,"(2, 2, 0)","(3, 1, 2, 14)",<statsmodels.tsa.statespace.sarimax.SARIMAXResultsWrapper object at 0x7f8f2d08c3d0>
1258.75651422569,"(2, 2, 0)","(1, 1, 4, 14)",<statsmodels.tsa.statespace.sarimax.SARIMAXResultsWrapper object at 0x7f90911b48b0>
1258.7965910016435,"(2, 2, 0)","(2, 1, 3, 14)",<statsmodels.tsa.statespace.sarimax.SARIMAXResultsWrapper object at 0x7f8faff6de80>
1260.7181542441867,"(2, 2, 0)","(4, 1, 2, 14)",<statsmodels.tsa.statespace.sarimax.SARIMAXResultsWrapper object at 0x7f8ec7433d00>
1260.7252751160925,"(2, 2, 0)","(2, 1, 4, 14)",<statsmodels.tsa.statespace.sarimax.SARIMAXResultsWrapper object at 0x7f8faff92490>
1260.7265403497263,"(2, 2, 0)","(3, 1, 3, 14)",<statsmodels.tsa.statespace.sarimax.SARIMAXResultsWrapper object at 0x7f8ef0e7a790>
1262.7184962217125,"(2, 2, 0)","(4, 1, 3, 14)",<statsmodels.tsa.statespace.sarimax.SARIMAXResultsWrapper object at 0x7f8e50e48520>
1262.7220366312567,"(2, 2, 0)","(3, 1, 4, 14)",<statsmodels.tsa.statespace.sarimax.SARIMAXResultsWrapper object at 0x7f8ef1b107f0>
1264.718449081694,"(2, 2, 0)","(4, 1, 4, 14)",<statsmodels.tsa.statespace.sarimax.SARIMAXResultsWrapper object at 0x7f8e3221e190>
1335.7069122177659,"(0, 0, 4)","(0, 1, 0, 14)",<statsmodels.tsa.statespace.sarimax.SARIMAXResultsWrapper object at 0x7f90973de400>
1337.6084612923362,"(0, 0, 4)","(0, 1, 1, 14)",<statsmodels.tsa.statespace.sarimax.SARIMAXResultsWrapper object at 0x7f90321075e0>
1337.6272101990298,"(0, 0, 4)","(1, 1, 0, 14)",<statsmodels.tsa.statespace.sarimax.SARIMAXResultsWrapper object at 0x7f8ff2542cd0>
1339.471094831305,"(0, 0, 4)","(1, 1, 1, 14)",<statsmodels.tsa.statespace.sarimax.SARIMAXResultsWrapper object at 0x7f9036c1f9d0>
1339.5067368856978,"(0, 0, 4)","(0, 1, 2, 14)",<statsmodels.tsa.statespace.sarimax.SARIMAXResultsWrapper object at 0x7f9057129d60>
1339.5457650574974,"(0, 0, 4)","(2, 1, 0, 14)",<statsmodels.tsa.statespace.sarimax.SARIMAXResultsWrapper object at 0x7f8fdf5f19a0>
1341.4170757611776,"(0, 0, 4)","(3, 1, 0, 14)",<statsmodels.tsa.statespace.sarimax.SARIMAXResultsWrapper object at 0x7f8f32815070>
1341.4214572145768,"(0, 0, 4)","(0, 1, 3, 14)",<statsmodels.tsa.statespace.sarimax.SARIMAXResultsWrapper object at 0x7f907386d640>
1341.4540232059132,"(0, 0, 4)","(2, 1, 1, 14)",<statsmodels.tsa.statespace.sarimax.SARIMAXResultsWrapper object at 0x7f8fb72c83a0>
1341.4572339407484,"(0, 0, 4)","(1, 1, 2, 14)",<statsmodels.tsa.statespace.sarimax.SARIMAXResultsWrapper object at 0x7f90078b59a0>
1343.4147489323195,"(0, 0, 4)","(3, 1, 1, 14)",<statsmodels.tsa.statespace.sarimax.SARIMAXResultsWrapper object at 0x7f8f453ba730>
1343.4148418361472,"(0, 0, 4)","(4, 1, 0, 14)",<statsmodels.tsa.statespace.sarimax.SARIMAXResultsWrapper object at 0x7f8e80c675b0>
1343.4185674429464,"(0, 0, 4)","(0, 1, 4, 14)",<statsmodels.tsa.statespace.sarimax.SARIMAXResultsWrapper object at 0x7f9020163220>
1343.419304186981,"(0, 0, 4)","(1, 1, 3, 14)",<statsmodels.tsa.statespace.sarimax.SARIMAXResultsWrapper object at 0x7f90078dcb20>
1343.4701236097224,"(0, 0, 4)","(2, 1, 2, 14)",<statsmodels.tsa.statespace.sarimax.SARIMAXResultsWrapper object at 0x7f8faff28fd0>
1345.414577911085,"(0, 0, 4)","(3, 1, 2, 14)",<statsmodels.tsa.statespace.sarimax.SARIMAXResultsWrapper object at 0x7f8f147454f0>
1345.416608115137,"(0, 0, 4)","(2, 1, 3, 14)",<statsmodels.tsa.statespace.sarimax.SARIMAXResultsWrapper object at 0x7f8fdfa573d0>
1345.416875670651,"(0, 0, 4)","(4, 1, 1, 14)",<statsmodels.tsa.statespace.sarimax.SARIMAXResultsWrapper object at 0x7f8ea3fdb2b0>
1345.4188829336342,"(0, 0, 4)","(1, 1, 4, 14)",<statsmodels.tsa.statespace.sarimax.SARIMAXResultsWrapper object at 0x7f8fc14dfac0>
1345.614746630305,"(0, 0, 3)","(0, 1, 0, 14)",<statsmodels.tsa.statespace.sarimax.SARIMAXResultsWrapper object at 0x7f90973b1820>
1347.414758311443,"(0, 0, 4)","(4, 1, 2, 14)",<statsmodels.tsa.statespace.sarimax.SARIMAXResultsWrapper object at 0x7f8ec7433700>
1347.4152961054879,"(0, 0, 4)","(3, 1, 3, 14)",<statsmodels.tsa.statespace.sarimax.SARIMAXResultsWrapper object at 0x7f8f14746a90>
1347.415936429913,"(0, 0, 4)","(2, 1, 4, 14)",<statsmodels.tsa.statespace.sarimax.SARIMAXResultsWrapper object at 0x7f8faff92dc0>
1347.5202546004066,"(0, 0, 3)","(0, 1, 1, 14)",<statsmodels.tsa.statespace.sarimax.SARIMAXResultsWrapper object at 0x7f9032107d30>
1347.5375820966292,"(0, 0, 3)","(1, 1, 0, 14)",<statsmodels.tsa.statespace.sarimax.SARIMAXResultsWrapper object at 0x7f8ff2538a60>
1349.3823904733338,"(0, 0, 3)","(1, 1, 1, 14)",<statsmodels.tsa.statespace.sarimax.SARIMAXResultsWrapper object at 0x7f9036c09220>
1349.4148582294724,"(0, 0, 4)","(3, 1, 4, 14)",<statsmodels.tsa.statespace.sarimax.SARIMAXResultsWrapper object at 0x7f8ed0856160>
1349.4148719534023,"(0, 0, 4)","(4, 1, 3, 14)",<statsmodels.tsa.statespace.sarimax.SARIMAXResultsWrapper object at 0x7f8e4122ce20>
1349.4223211083265,"(0, 0, 3)","(0, 1, 2, 14)",<statsmodels.tsa.statespace.sarimax.SARIMAXResultsWrapper object at 0x7f9056f9e8b0>
1349.4577058183647,"(0, 0, 3)","(2, 1, 0, 14)",<statsmodels.tsa.statespace.sarimax.SARIMAXResultsWrapper object at 0x7f8fb4da6fa0>
1351.3278208109814,"(0, 0, 3)","(3, 1, 0, 14)",<statsmodels.tsa.statespace.sarimax.SARIMAXResultsWrapper object at 0x7f8f42544040>
1351.32914909609,"(0, 0, 3)","(0, 1, 3, 14)",<statsmodels.tsa.statespace.sarimax.SARIMAXResultsWrapper object at 0x7f9057129fa0>
1351.3628521428227,"(0, 0, 3)","(2, 1, 1, 14)",<statsmodels.tsa.statespace.sarimax.SARIMAXResultsWrapper object at 0x7f8f88dd6850>
1351.3664972105717,"(0, 0, 3)","(1, 1, 2, 14)",<statsmodels.tsa.statespace.sarimax.SARIMAXResultsWrapper object at 0x7f901635df40>
1351.4150684434949,"(0, 0, 4)","(4, 1, 4, 14)",<statsmodels.tsa.statespace.sarimax.SARIMAXResultsWrapper object at 0x7f8e3222f820>
1353.3230820778374,"(0, 0, 3)","(4, 1, 0, 14)",<statsmodels.tsa.statespace.sarimax.SARIMAXResultsWrapper object at 0x7f8e9a0b6640>
1353.3232406770042,"(0, 0, 3)","(3, 1, 1, 14)",<statsmodels.tsa.statespace.sarimax.SARIMAXResultsWrapper object at 0x7f8f453b59a0>
1353.3285818923052,"(0, 0, 3)","(0, 1, 4, 14)",<statsmodels.tsa.statespace.sarimax.SARIMAXResultsWrapper object at 0x7f9020158e20>
1353.328761098036,"(0, 0, 3)","(1, 1, 3, 14)",<statsmodels.tsa.statespace.sarimax.SARIMAXResultsWrapper object at 0x7f8fc14cdfa0>
1353.3437712816628,"(0, 0, 3)","(2, 1, 2, 14)",<statsmodels.tsa.statespace.sarimax.SARIMAXResultsWrapper object at 0x7f8f8b385df0>
1355.3229213088987,"(0, 0, 3)","(3, 1, 2, 14)",<statsmodels.tsa.statespace.sarimax.SARIMAXResultsWrapper object at 0x7f8f4430c310>
1355.32353419445,"(0, 0, 3)","(2, 1, 3, 14)",<statsmodels.tsa.statespace.sarimax.SARIMAXResultsWrapper object at 0x7f8faff8b040>
1355.3272401039987,"(0, 0, 3)","(4, 1, 1, 14)",<statsmodels.tsa.statespace.sarimax.SARIMAXResultsWrapper object at 0x7f8e9a0d2970>
1355.3287486076388,"(0, 0, 3)","(1, 1, 4, 14)",<statsmodels.tsa.statespace.sarimax.SARIMAXResultsWrapper object at 0x7f8fc14ecb50>
1355.740512432165,"(0, 0, 2)","(0, 1, 0, 14)",<statsmodels.tsa.statespace.sarimax.SARIMAXResultsWrapper object at 0x7f9030f2ddc0>
1357.3230393846422,"(0, 0, 3)","(4, 1, 2, 14)",<statsmodels.tsa.statespace.sarimax.SARIMAXResultsWrapper object at 0x7f8ec7421130>
1357.3233138143225,"(0, 0, 3)","(3, 1, 3, 14)",<statsmodels.tsa.statespace.sarimax.SARIMAXResultsWrapper object at 0x7f8f1743d2e0>
1357.324386128842,"(0, 0, 3)","(2, 1, 4, 14)",<statsmodels.tsa.statespace.sarimax.SARIMAXResultsWrapper object at 0x7f8faff6d700>
1357.700173539909,"(0, 0, 2)","(0, 1, 1, 14)",<statsmodels.tsa.statespace.sarimax.SARIMAXResultsWrapper object at 0x7f9032107d00>
1357.717697843949,"(0, 0, 2)","(1, 1, 0, 14)",<statsmodels.tsa.statespace.sarimax.SARIMAXResultsWrapper object at 0x7f8ff2430e50>
1359.220684041716,"(0, 0, 2)","(2, 1, 0, 14)",<statsmodels.tsa.statespace.sarimax.SARIMAXResultsWrapper object at 0x7f8f84231d90>
1359.260604626418,"(0, 0, 2)","(0, 1, 2, 14)",<statsmodels.tsa.statespace.sarimax.SARIMAXResultsWrapper object at 0x7f9056f9ec10>
1359.323122485747,"(0, 0, 3)","(4, 1, 3, 14)",<statsmodels.tsa.statespace.sarimax.SARIMAXResultsWrapper object at 0x7f8e4122c1f0>
1359.3231249890907,"(0, 0, 3)","(3, 1, 4, 14)",<statsmodels.tsa.statespace.sarimax.SARIMAXResultsWrapper object at 0x7f8ed0847ac0>
1359.4945306219429,"(0, 0, 2)","(1, 1, 1, 14)",<statsmodels.tsa.statespace.sarimax.SARIMAXResultsWrapper object at 0x7f901635d730>
1361.0051650785263,"(0, 0, 2)","(3, 1, 0, 14)",<statsmodels.tsa.statespace.sarimax.SARIMAXResultsWrapper object at 0x7f8f453937c0>
1361.0328320120136,"(0, 0, 2)","(0, 1, 3, 14)",<statsmodels.tsa.statespace.sarimax.SARIMAXResultsWrapper object at 0x7f90971df760>
1361.036107006127,"(0, 0, 2)","(2, 1, 1, 14)",<statsmodels.tsa.statespace.sarimax.SARIMAXResultsWrapper object at 0x7f8f88df7850>
1361.1086691025796,"(0, 0, 2)","(1, 1, 2, 14)",<statsmodels.tsa.statespace.sarimax.SARIMAXResultsWrapper object at 0x7f90078b5430>
1361.3232606195709,"(0, 0, 3)","(4, 1, 4, 14)",<statsmodels.tsa.statespace.sarimax.SARIMAXResultsWrapper object at 0x7f8e39955490>
1363.0009078066587,"(0, 0, 2)","(3, 1, 1, 14)",<statsmodels.tsa.statespace.sarimax.SARIMAXResultsWrapper object at 0x7f8f3450a610>
1363.001014537413,"(0, 0, 2)","(4, 1, 0, 14)",<statsmodels.tsa.statespace.sarimax.SARIMAXResultsWrapper object at 0x7f8e80c5b9d0>
1363.0075308698144,"(0, 0, 2)","(2, 1, 2, 14)",<statsmodels.tsa.statespace.sarimax.SARIMAXResultsWrapper object at 0x7f8f8b385fd0>
1363.0322783342185,"(0, 0, 2)","(0, 1, 4, 14)",<statsmodels.tsa.statespace.sarimax.SARIMAXResultsWrapper object at 0x7f9020160d00>
1363.032494577814,"(0, 0, 2)","(1, 1, 3, 14)",<statsmodels.tsa.statespace.sarimax.SARIMAXResultsWrapper object at 0x7f8fc14cd850>
1365.00078349663,"(0, 0, 2)","(3, 1, 2, 14)",<statsmodels.tsa.statespace.sarimax.SARIMAXResultsWrapper object at 0x7f8f14746ee0>
1365.0013449973073,"(0, 0, 2)","(2, 1, 3, 14)",<statsmodels.tsa.statespace.sarimax.SARIMAXResultsWrapper object at 0x7f8faff6dd30>
1365.0048203797164,"(0, 0, 2)","(4, 1, 1, 14)",<statsmodels.tsa.statespace.sarimax.SARIMAXResultsWrapper object at 0x7f8ec4a10550>
1365.0322737606048,"(0, 0, 2)","(1, 1, 4, 14)",<statsmodels.tsa.statespace.sarimax.SARIMAXResultsWrapper object at 0x7f90078ff130>
1367.0007819163613,"(0, 0, 2)","(2, 1, 4, 14)",<statsmodels.tsa.statespace.sarimax.SARIMAXResultsWrapper object at 0x7f8faf8d85b0>
1367.0009133147737,"(0, 0, 2)","(4, 1, 2, 14)",<statsmodels.tsa.statespace.sarimax.SARIMAXResultsWrapper object at 0x7f8ec74214f0>
1367.0011352989288,"(0, 0, 2)","(3, 1, 3, 14)",<statsmodels.tsa.statespace.sarimax.SARIMAXResultsWrapper object at 0x7f8f1745ee20>
1369.000937937169,"(0, 0, 2)","(3, 1, 4, 14)",<statsmodels.tsa.statespace.sarimax.SARIMAXResultsWrapper object at 0x7f8ef1b10520>
1369.0009637704045,"(0, 0, 2)","(4, 1, 3, 14)",<statsmodels.tsa.statespace.sarimax.SARIMAXResultsWrapper object at 0x7f8ec74409a0>
1371.000926540851,"(0, 0, 2)","(4, 1, 4, 14)",<statsmodels.tsa.statespace.sarimax.SARIMAXResultsWrapper object at 0x7f8e399559a0>
1537.547630066343,"(0, 2, 1)","(0, 0, 1, 14)",<statsmodels.tsa.statespace.sarimax.SARIMAXResultsWrapper object at 0x7f90838da490>
1553.0588038688759,"(4, 2, 0)","(1, 0, 0, 14)",<statsmodels.tsa.statespace.sarimax.SARIMAXResultsWrapper object at 0x7f90708aa4c0>
1554.0579595969673,"(1, 2, 1)","(0, 0, 0, 7)",<statsmodels.tsa.statespace.sarimax.SARIMAXResultsWrapper object at 0x7f9091297f40>
1554.0579595969673,"(1, 2, 1)","(0, 0, 0, 14)",<statsmodels.tsa.statespace.sarimax.SARIMAXResultsWrapper object at 0x7f9091297dc0>
1554.2385696705305,"(2, 2, 0)","(0, 0, 4, 7)",<statsmodels.tsa.statespace.sarimax.SARIMAXResultsWrapper object at 0x7f9050973d60>
1554.4550550424035,"(2, 2, 0)","(0, 0, 3, 7)",<statsmodels.tsa.statespace.sarimax.SARIMAXResultsWrapper object at 0x7f90838f6dc0>
1554.7570908646976,"(4, 2, 0)","(2, 0, 0, 14)",<statsmodels.tsa.statespace.sarimax.SARIMAXResultsWrapper object at 0x7f9002b132e0>
1554.7693919572755,"(4, 2, 0)","(1, 0, 1, 14)",<statsmodels.tsa.statespace.sarimax.SARIMAXResultsWrapper object at 0x7f9055b2f0a0>
1554.8520660632794,"(0, 2, 1)","(0, 0, 0, 7)",<statsmodels.tsa.statespace.sarimax.SARIMAXResultsWrapper object at 0x7f9040831790>
1554.8520660632794,"(0, 2, 1)","(0, 0, 0, 14)",<statsmodels.tsa.statespace.sarimax.SARIMAXResultsWrapper object at 0x7f904084eee0>
1555.33070356863,"(2, 2, 0)","(0, 0, 2, 7)",<statsmodels.tsa.statespace.sarimax.SARIMAXResultsWrapper object at 0x7f904094c9d0>
1555.8910163515754,"(2, 2, 2)","(0, 0, 0, 7)",<statsmodels.tsa.statespace.sarimax.SARIMAXResultsWrapper object at 0x7f9083833f10>
1555.8910163515754,"(2, 2, 2)","(0, 0, 0, 14)",<statsmodels.tsa.statespace.sarimax.SARIMAXResultsWrapper object at 0x7f9040998160>
1556.272119926438,"(2, 2, 3)","(0, 0, 0, 7)",<statsmodels.tsa.statespace.sarimax.SARIMAXResultsWrapper object at 0x7f9040998790>
1556.272119926438,"(2, 2, 3)","(0, 0, 0, 14)",<statsmodels.tsa.statespace.sarimax.SARIMAXResultsWrapper object at 0x7f90409a0820>
1556.6418938555285,"(4, 2, 0)","(0, 0, 2, 14)",<statsmodels.tsa.statespace.sarimax.SARIMAXResultsWrapper object at 0x7f9050997760>
1556.7474230388757,"(4, 2, 0)","(1, 0, 2, 14)",<statsmodels.tsa.statespace.sarimax.SARIMAXResultsWrapper object at 0x7f8fe97fd640>
1556.756966750948,"(4, 2, 0)","(2, 0, 1, 14)",<statsmodels.tsa.statespace.sarimax.SARIMAXResultsWrapper object at 0x7f8fd6c3b6d0>
1556.7569735362756,"(4, 2, 0)","(3, 0, 0, 14)",<statsmodels.tsa.statespace.sarimax.SARIMAXResultsWrapper object at 0x7f8fac8c8af0>
1557.0015115060887,"(4, 2, 0)","(0, 0, 3, 14)",<statsmodels.tsa.statespace.sarimax.SARIMAXResultsWrapper object at 0x7f90708d73d0>
1558.3523078349278,"(2, 2, 0)","(1, 0, 0, 14)",<statsmodels.tsa.statespace.sarimax.SARIMAXResultsWrapper object at 0x7f90407be4f0>
1558.4930549026178,"(1, 2, 2)","(0, 0, 0, 7)",<statsmodels.tsa.statespace.sarimax.SARIMAXResultsWrapper object at 0x7f9091297f70>
1558.4930549026178,"(1, 2, 2)","(0, 0, 0, 14)",<statsmodels.tsa.statespace.sarimax.SARIMAXResultsWrapper object at 0x7f90837ff310>
1558.6837471193448,"(4, 2, 0)","(4, 0, 0, 14)",<statsmodels.tsa.statespace.sarimax.SARIMAXResultsWrapper object at 0x7f8f2e959220>
1558.6855605629878,"(4, 2, 0)","(1, 0, 3, 14)",<statsmodels.tsa.statespace.sarimax.SARIMAXResultsWrapper object at 0x7f8ff312f4c0>
1558.7551122354307,"(4, 2, 0)","(3, 0, 1, 14)",<statsmodels.tsa.statespace.sarimax.SARIMAXResultsWrapper object at 0x7f8f22ac5ca0>
1558.7571687871548,"(4, 2, 0)","(0, 0, 4, 14)",<statsmodels.tsa.statespace.sarimax.SARIMAXResultsWrapper object at 0x7f9030f2da60>
1558.766555132434,"(4, 2, 0)","(2, 0, 2, 14)",<statsmodels.tsa.statespace.sarimax.SARIMAXResultsWrapper object at 0x7f8fa4d1f130>
1559.0149376682616,"(4, 2, 0)","(0, 0, 1, 14)",<statsmodels.tsa.statespace.sarimax.SARIMAXResultsWrapper object at 0x7f90911c5f10>
1559.0927689541465,"(3, 2, 2)","(0, 0, 0, 7)",<statsmodels.tsa.statespace.sarimax.SARIMAXResultsWrapper object at 0x7f90913c4c40>
1559.0927689541465,"(3, 2, 2)","(0, 0, 0, 14)",<statsmodels.tsa.statespace.sarimax.SARIMAXResultsWrapper object at 0x7f90913c4cd0>
1559.5343589404583,"(0, 1, 0)","(0, 0, 1, 14)",<statsmodels.tsa.statespace.sarimax.SARIMAXResultsWrapper object at 0x7f9091848e50>
1559.5358511774537,"(3, 2, 0)","(0, 0, 1, 14)",<statsmodels.tsa.statespace.sarimax.SARIMAXResultsWrapper object at 0x7f90911c56d0>
1559.623228675689,"(2, 2, 0)","(2, 0, 0, 14)",<statsmodels.tsa.statespace.sarimax.SARIMAXResultsWrapper object at 0x7f90839143d0>
1559.6451142475094,"(2, 2, 0)","(0, 0, 1, 7)",<statsmodels.tsa.statespace.sarimax.SARIMAXResultsWrapper object at 0x7f90508299d0>
1559.7184990961562,"(2, 2, 0)","(1, 0, 1, 14)",<statsmodels.tsa.statespace.sarimax.SARIMAXResultsWrapper object at 0x7f9055b42820>
1560.682089344957,"(4, 2, 0)","(4, 0, 1, 14)",<statsmodels.tsa.statespace.sarimax.SARIMAXResultsWrapper object at 0x7f9055b2fc70>
1560.6850768037907,"(4, 2, 0)","(2, 0, 3, 14)",<statsmodels.tsa.statespace.sarimax.SARIMAXResultsWrapper object at 0x7f8fdd9de0a0>
1560.6854555576704,"(4, 2, 0)","(1, 0, 4, 14)",<statsmodels.tsa.statespace.sarimax.SARIMAXResultsWrapper object at 0x7f8ff2518ac0>
1560.6951919121045,"(4, 2, 0)","(3, 0, 2, 14)",<statsmodels.tsa.statespace.sarimax.SARIMAXResultsWrapper object at 0x7f8f3839bdf0>
1561.1903505883902,"(2, 2, 0)","(0, 0, 2, 14)",<statsmodels.tsa.statespace.sarimax.SARIMAXResultsWrapper object at 0x7f90838f0280>
1561.5395028306777,"(2, 2, 0)","(1, 0, 2, 14)",<statsmodels.tsa.statespace.sarimax.SARIMAXResultsWrapper object at 0x7f8fe97fde80>
1561.593629543385,"(2, 2, 0)","(3, 0, 0, 14)",<statsmodels.tsa.statespace.sarimax.SARIMAXResultsWrapper object at 0x7f9055b35400>
1561.6080993229245,"(2, 2, 0)","(2, 0, 1, 14)",<statsmodels.tsa.statespace.sarimax.SARIMAXResultsWrapper object at 0x7f8fd68602e0>
1561.6596293737,"(2, 2, 0)","(0, 0, 3, 14)",<statsmodels.tsa.statespace.sarimax.SARIMAXResultsWrapper object at 0x7f90407a56d0>
1562.683243319944,"(4, 2, 0)","(4, 0, 2, 14)",<statsmodels.tsa.statespace.sarimax.SARIMAXResultsWrapper object at 0x7f8f67fd60a0>
1562.6839441905604,"(4, 2, 0)","(3, 0, 3, 14)",<statsmodels.tsa.statespace.sarimax.SARIMAXResultsWrapper object at 0x7f8f3ab806a0>
1562.6856188169218,"(4, 2, 0)","(2, 0, 4, 14)",<statsmodels.tsa.statespace.sarimax.SARIMAXResultsWrapper object at 0x7f8fb4da65b0>
1563.441295394889,"(2, 2, 0)","(4, 0, 0, 14)",<statsmodels.tsa.statespace.sarimax.SARIMAXResultsWrapper object at 0x7f8f37fdd970>
1563.4584057758482,"(2, 2, 0)","(1, 0, 3, 14)",<statsmodels.tsa.statespace.sarimax.SARIMAXResultsWrapper object at 0x7f8fe9b6d430>
1563.463397993043,"(2, 2, 0)","(2, 0, 2, 14)",<statsmodels.tsa.statespace.sarimax.SARIMAXResultsWrapper object at 0x7f8facc877c0>
1563.495197954854,"(2, 2, 0)","(0, 0, 4, 14)",<statsmodels.tsa.statespace.sarimax.SARIMAXResultsWrapper object at 0x7f905095e7f0>
1563.5155246602199,"(2, 2, 0)","(3, 0, 1, 14)",<statsmodels.tsa.statespace.sarimax.SARIMAXResultsWrapper object at 0x7f8f22ad0e80>
1564.4059287978696,"(2, 2, 0)","(0, 0, 1, 14)",<statsmodels.tsa.statespace.sarimax.SARIMAXResultsWrapper object at 0x7f9050995cd0>
1564.6850451223804,"(4, 2, 0)","(3, 0, 4, 14)",<statsmodels.tsa.statespace.sarimax.SARIMAXResultsWrapper object at 0x7f8f28b7ff70>
1564.6863018366373,"(4, 2, 0)","(4, 0, 3, 14)",<statsmodels.tsa.statespace.sarimax.SARIMAXResultsWrapper object at 0x7f8ec4056ee0>
1565.0653803687069,"(2, 1, 4)","(0, 0, 0, 7)",<statsmodels.tsa.statespace.sarimax.SARIMAXResultsWrapper object at 0x7f9050890400>
1565.0653803687069,"(2, 1, 4)","(0, 0, 0, 14)",<statsmodels.tsa.statespace.sarimax.SARIMAXResultsWrapper object at 0x7f9083873bb0>
1565.4402042141292,"(2, 2, 0)","(4, 0, 1, 14)",<statsmodels.tsa.statespace.sarimax.SARIMAXResultsWrapper object at 0x7f9065b83df0>
1565.4575091390616,"(2, 2, 0)","(2, 0, 3, 14)",<statsmodels.tsa.statespace.sarimax.SARIMAXResultsWrapper object at 0x7f8fdd9c0d00>
1565.4582764162524,"(2, 2, 0)","(1, 0, 4, 14)",<statsmodels.tsa.statespace.sarimax.SARIMAXResultsWrapper object at 0x7f8ff2557ca0>
1565.4612314279373,"(2, 2, 0)","(3, 0, 2, 14)",<statsmodels.tsa.statespace.sarimax.SARIMAXResultsWrapper object at 0x7f8f383a61f0>
1566.0366019351118,"(3, 1, 4)","(0, 0, 0, 7)",<statsmodels.tsa.statespace.sarimax.SARIMAXResultsWrapper object at 0x7f90409e65e0>
1566.0366019351118,"(3, 1, 4)","(0, 0, 0, 14)",<statsmodels.tsa.statespace.sarimax.SARIMAXResultsWrapper object at 0x7f9091387250>
1566.682746423136,"(4, 2, 0)","(4, 0, 4, 14)",<statsmodels.tsa.statespace.sarimax.SARIMAXResultsWrapper object at 0x7f8e80c674f0>
1567.440098101968,"(2, 2, 0)","(4, 0, 2, 14)",<statsmodels.tsa.statespace.sarimax.SARIMAXResultsWrapper object at 0x7f8f943cdf10>
1567.4479780725576,"(2, 2, 0)","(3, 0, 3, 14)",<statsmodels.tsa.statespace.sarimax.SARIMAXResultsWrapper object at 0x7f8f6ecdd9a0>
1567.4583545285093,"(2, 2, 0)","(2, 0, 4, 14)",<statsmodels.tsa.statespace.sarimax.SARIMAXResultsWrapper object at 0x7f8faa1ff850>
1568.3455003325394,"(2, 1, 0)","(0, 0, 0, 7)",<statsmodels.tsa.statespace.sarimax.SARIMAXResultsWrapper object at 0x7f90913289d0>
1568.3455003325394,"(2, 1, 0)","(0, 0, 0, 14)",<statsmodels.tsa.statespace.sarimax.SARIMAXResultsWrapper object at 0x7f9083857a00>
1569.4391805342298,"(2, 2, 0)","(3, 0, 4, 14)",<statsmodels.tsa.statespace.sarimax.SARIMAXResultsWrapper object at 0x7f8f42512040>
1569.4424110667394,"(2, 2, 0)","(4, 0, 3, 14)",<statsmodels.tsa.statespace.sarimax.SARIMAXResultsWrapper object at 0x7f8e921f6ac0>
1569.6295011689708,"(1, 1, 0)","(0, 0, 0, 7)",<statsmodels.tsa.statespace.sarimax.SARIMAXResultsWrapper object at 0x7f904086c5e0>
1569.6295011689708,"(1, 1, 0)","(0, 0, 0, 14)",<statsmodels.tsa.statespace.sarimax.SARIMAXResultsWrapper object at 0x7f9070932b50>
1570.182163396915,"(0, 1, 0)","(0, 0, 0, 7)",<statsmodels.tsa.statespace.sarimax.SARIMAXResultsWrapper object at 0x7f90911e5550>
1570.182163396915,"(0, 1, 0)","(0, 0, 0, 14)",<statsmodels.tsa.statespace.sarimax.SARIMAXResultsWrapper object at 0x7f90408120a0>
1571.4412280357208,"(2, 2, 0)","(4, 0, 4, 14)",<statsmodels.tsa.statespace.sarimax.SARIMAXResultsWrapper object at 0x7f8e9a0d2c70>
1574.542130600408,"(4, 2, 0)","(0, 0, 0, 7)",<statsmodels.tsa.statespace.sarimax.SARIMAXResultsWrapper object at 0x7f906047d370>
1574.542130600408,"(4, 2, 0)","(0, 0, 0, 14)",<statsmodels.tsa.statespace.sarimax.SARIMAXResultsWrapper object at 0x7f906049a8e0>
1581.1237323143823,"(2, 0, 0)","(0, 0, 1, 14)",<statsmodels.tsa.statespace.sarimax.SARIMAXResultsWrapper object at 0x7f9050995f10>
1581.6272520405719,"(1, 0, 0)","(0, 0, 1, 14)",<statsmodels.tsa.statespace.sarimax.SARIMAXResultsWrapper object at 0x7f90838e5250>
1591.5093177008505,"(3, 0, 4)","(0, 0, 0, 7)",<statsmodels.tsa.statespace.sarimax.SARIMAXResultsWrapper object at 0x7f90409c1880>
1591.5093177008505,"(3, 0, 4)","(0, 0, 0, 14)",<statsmodels.tsa.statespace.sarimax.SARIMAXResultsWrapper object at 0x7f90409ccb50>
1592.503367639345,"(4, 0, 4)","(0, 0, 0, 7)",<statsmodels.tsa.statespace.sarimax.SARIMAXResultsWrapper object at 0x7f9083aaa9a0>
1592.503367639345,"(4, 0, 4)","(0, 0, 0, 14)",<statsmodels.tsa.statespace.sarimax.SARIMAXResultsWrapper object at 0x7f9083aaa190>
1592.570863329642,"(1, 0, 2)","(0, 0, 0, 7)",<statsmodels.tsa.statespace.sarimax.SARIMAXResultsWrapper object at 0x7f907091b2b0>
1592.570863329642,"(1, 0, 2)","(0, 0, 0, 14)",<statsmodels.tsa.statespace.sarimax.SARIMAXResultsWrapper object at 0x7f90408d9400>
1593.1203930235506,"(2, 0, 1)","(0, 0, 0, 7)",<statsmodels.tsa.statespace.sarimax.SARIMAXResultsWrapper object at 0x7f90508790d0>
1593.1203930235506,"(2, 0, 1)","(0, 0, 0, 14)",<statsmodels.tsa.statespace.sarimax.SARIMAXResultsWrapper object at 0x7f90912ec0d0>
1593.4038409064585,"(1, 0, 1)","(0, 0, 0, 7)",<statsmodels.tsa.statespace.sarimax.SARIMAXResultsWrapper object at 0x7f904084ec40>
1593.4038409064585,"(1, 0, 1)","(0, 0, 0, 14)",<statsmodels.tsa.statespace.sarimax.SARIMAXResultsWrapper object at 0x7f904084ef10>
1593.9935032379285,"(3, 0, 0)","(0, 0, 0, 7)",<statsmodels.tsa.statespace.sarimax.SARIMAXResultsWrapper object at 0x7f9040989af0>
1593.9935032379285,"(3, 0, 0)","(0, 0, 0, 14)",<statsmodels.tsa.statespace.sarimax.SARIMAXResultsWrapper object at 0x7f90508cfc10>
1594.6617491292593,"(2, 0, 2)","(0, 0, 0, 7)",<statsmodels.tsa.statespace.sarimax.SARIMAXResultsWrapper object at 0x7f90838160d0>
1594.6617491292593,"(2, 0, 2)","(0, 0, 0, 14)",<statsmodels.tsa.statespace.sarimax.SARIMAXResultsWrapper object at 0x7f9091282d00>
1594.9573922357633,"(1, 0, 3)","(0, 0, 0, 7)",<statsmodels.tsa.statespace.sarimax.SARIMAXResultsWrapper object at 0x7f90408f54c0>
1594.9573922357633,"(1, 0, 3)","(0, 0, 0, 14)",<statsmodels.tsa.statespace.sarimax.SARIMAXResultsWrapper object at 0x7f90408f5760>
1595.0499964259773,"(2, 0, 0)","(0, 0, 0, 7)",<statsmodels.tsa.statespace.sarimax.SARIMAXResultsWrapper object at 0x7f9050879a30>
1595.0499964259773,"(2, 0, 0)","(0, 0, 0, 14)",<statsmodels.tsa.statespace.sarimax.SARIMAXResultsWrapper object at 0x7f905085b9a0>
1595.3269504895861,"(1, 0, 0)","(0, 0, 0, 7)",<statsmodels.tsa.statespace.sarimax.SARIMAXResultsWrapper object at 0x7f904088a5b0>
1595.3269504895861,"(1, 0, 0)","(0, 0, 0, 14)",<statsmodels.tsa.statespace.sarimax.SARIMAXResultsWrapper object at 0x7f90408a8a00>
1595.3799363747314,"(4, 0, 0)","(0, 0, 0, 7)",<statsmodels.tsa.statespace.sarimax.SARIMAXResultsWrapper object at 0x7f90913e3ca0>
1595.3799363747314,"(4, 0, 0)","(0, 0, 0, 14)",<statsmodels.tsa.statespace.sarimax.SARIMAXResultsWrapper object at 0x7f90913de0d0>
1595.9673611675607,"(3, 0, 2)","(0, 0, 0, 7)",<statsmodels.tsa.statespace.sarimax.SARIMAXResultsWrapper object at 0x7f90508ede80>
1595.9673611675607,"(3, 0, 2)","(0, 0, 0, 14)",<statsmodels.tsa.statespace.sarimax.SARIMAXResultsWrapper object at 0x7f90508cfd00>
1596.3237807005955,"(2, 0, 3)","(0, 0, 0, 7)",<statsmodels.tsa.statespace.sarimax.SARIMAXResultsWrapper object at 0x7f9083833670>
1596.3237807005955,"(2, 0, 3)","(0, 0, 0, 14)",<statsmodels.tsa.statespace.sarimax.SARIMAXResultsWrapper object at 0x7f90912f0fd0>
1766.208593826667,"(0, 0, 1)","(1, 0, 0, 7)",<statsmodels.tsa.statespace.sarimax.SARIMAXResultsWrapper object at 0x7f9091234f10>
1769.3453591063628,"(0, 0, 2)","(1, 0, 0, 7)",<statsmodels.tsa.statespace.sarimax.SARIMAXResultsWrapper object at 0x7f90508025e0>
1770.4977614559664,"(0, 0, 1)","(0, 0, 2, 7)",<statsmodels.tsa.statespace.sarimax.SARIMAXResultsWrapper object at 0x7f90911b40a0>
1771.0604315748965,"(0, 0, 2)","(1, 0, 1, 7)",<statsmodels.tsa.statespace.sarimax.SARIMAXResultsWrapper object at 0x7f9097dc9e50>
1771.093295227857,"(0, 0, 2)","(2, 0, 0, 7)",<statsmodels.tsa.statespace.sarimax.SARIMAXResultsWrapper object at 0x7f90838f0af0>
1771.2236699443974,"(0, 0, 2)","(0, 0, 1, 7)",<statsmodels.tsa.statespace.sarimax.SARIMAXResultsWrapper object at 0x7f9083adc970>
1771.3051447511334,"(0, 0, 1)","(0, 0, 3, 7)",<statsmodels.tsa.statespace.sarimax.SARIMAXResultsWrapper object at 0x7f90837062e0>
1771.5323889746944,"(0, 0, 2)","(1, 0, 0, 14)",<statsmodels.tsa.statespace.sarimax.SARIMAXResultsWrapper object at 0x7f9091199dc0>
1771.5336069270036,"(0, 0, 1)","(0, 0, 1, 7)",<statsmodels.tsa.statespace.sarimax.SARIMAXResultsWrapper object at 0x7f90913a5f70>
1772.081837186768,"(0, 0, 2)","(0, 0, 2, 7)",<statsmodels.tsa.statespace.sarimax.SARIMAXResultsWrapper object at 0x7f9083903550>
1772.0980083953377,"(0, 0, 2)","(0, 0, 1, 14)",<statsmodels.tsa.statespace.sarimax.SARIMAXResultsWrapper object at 0x7f9050724fa0>
1772.7213180611732,"(0, 0, 1)","(0, 0, 4, 7)",<statsmodels.tsa.statespace.sarimax.SARIMAXResultsWrapper object at 0x7f905093d430>
1773.0369567814603,"(0, 0, 1)","(0, 0, 1, 14)",<statsmodels.tsa.statespace.sarimax.SARIMAXResultsWrapper object at 0x7f9083aec4c0>
1773.0599243957772,"(0, 0, 2)","(2, 0, 1, 7)",<statsmodels.tsa.statespace.sarimax.SARIMAXResultsWrapper object at 0x7f9037fe49a0>
1773.0602185530483,"(0, 0, 2)","(1, 0, 2, 7)",<statsmodels.tsa.statespace.sarimax.SARIMAXResultsWrapper object at 0x7f9002b13ee0>
1773.0651704075765,"(0, 0, 2)","(3, 0, 0, 7)",<statsmodels.tsa.statespace.sarimax.SARIMAXResultsWrapper object at 0x7f90602f62e0>
1773.4739473278926,"(0, 0, 2)","(2, 0, 0, 14)",<statsmodels.tsa.statespace.sarimax.SARIMAXResultsWrapper object at 0x7f9083743c40>
1773.4740998852212,"(0, 0, 2)","(1, 0, 1, 14)",<statsmodels.tsa.statespace.sarimax.SARIMAXResultsWrapper object at 0x7f90973b1790>
1773.593478811782,"(0, 0, 2)","(0, 0, 3, 7)",<statsmodels.tsa.statespace.sarimax.SARIMAXResultsWrapper object at 0x7f908379acd0>
1773.6118827999267,"(0, 0, 2)","(0, 0, 2, 14)",<statsmodels.tsa.statespace.sarimax.SARIMAXResultsWrapper object at 0x7f9050814310>
1774.8231048370424,"(0, 0, 3)","(0, 0, 1, 7)",<statsmodels.tsa.statespace.sarimax.SARIMAXResultsWrapper object at 0x7f905074e160>
1775.060152507787,"(0, 0, 2)","(1, 0, 3, 7)",<statsmodels.tsa.statespace.sarimax.SARIMAXResultsWrapper object at 0x7f8fe981b3a0>
1775.0602687674843,"(0, 0, 2)","(4, 0, 0, 7)",<statsmodels.tsa.statespace.sarimax.SARIMAXResultsWrapper object at 0x7f8ef1b10b20>
1775.0603770327648,"(0, 0, 2)","(2, 0, 2, 7)",<statsmodels.tsa.statespace.sarimax.SARIMAXResultsWrapper object at 0x7f8fa437c670>
1775.0857151783846,"(0, 0, 2)","(3, 0, 1, 7)",<statsmodels.tsa.statespace.sarimax.SARIMAXResultsWrapper object at 0x7f8fd6840640>
1775.344044872441,"(0, 0, 2)","(0, 0, 4, 7)",<statsmodels.tsa.statespace.sarimax.SARIMAXResultsWrapper object at 0x7f905093dd60>
1775.4031101739347,"(0, 0, 3)","(1, 0, 1, 7)",<statsmodels.tsa.statespace.sarimax.SARIMAXResultsWrapper object at 0x7f90973b1430>
1775.4482093020108,"(0, 0, 3)","(2, 0, 0, 7)",<statsmodels.tsa.statespace.sarimax.SARIMAXResultsWrapper object at 0x7f90838f6c70>
1775.4733801045124,"(0, 0, 2)","(2, 0, 1, 14)",<statsmodels.tsa.statespace.sarimax.SARIMAXResultsWrapper object at 0x7f9037fe4e50>
1775.4734215598448,"(0, 0, 2)","(1, 0, 2, 14)",<statsmodels.tsa.statespace.sarimax.SARIMAXResultsWrapper object at 0x7f9055b206d0>
1775.4734288612767,"(0, 0, 2)","(3, 0, 0, 14)",<statsmodels.tsa.statespace.sarimax.SARIMAXResultsWrapper object at 0x7f90911c5d60>
1775.4930568376762,"(0, 0, 2)","(0, 0, 3, 14)",<statsmodels.tsa.statespace.sarimax.SARIMAXResultsWrapper object at 0x7f9083733970>
1776.0637685091708,"(0, 0, 3)","(0, 0, 2, 7)",<statsmodels.tsa.statespace.sarimax.SARIMAXResultsWrapper object at 0x7f905083c2e0>
1777.0597474266115,"(0, 0, 2)","(1, 0, 4, 7)",<statsmodels.tsa.statespace.sarimax.SARIMAXResultsWrapper object at 0x7f8ff3111ca0>
1777.0601243902404,"(0, 0, 2)","(3, 0, 2, 7)",<statsmodels.tsa.statespace.sarimax.SARIMAXResultsWrapper object at 0x7f8f38035ca0>
1777.060221886932,"(0, 0, 2)","(2, 0, 3, 7)",<statsmodels.tsa.statespace.sarimax.SARIMAXResultsWrapper object at 0x7f8fa4d04640>
1777.0649454817155,"(0, 0, 2)","(4, 0, 1, 7)",<statsmodels.tsa.statespace.sarimax.SARIMAXResultsWrapper object at 0x7f8f07248340>
1777.399226411024,"(0, 0, 3)","(2, 0, 1, 7)",<statsmodels.tsa.statespace.sarimax.SARIMAXResultsWrapper object at 0x7f9037fe4c70>
1777.3995247238536,"(0, 0, 3)","(1, 0, 2, 7)",<statsmodels.tsa.statespace.sarimax.SARIMAXResultsWrapper object at 0x7f8ff0d95c70>
1777.4093743059327,"(0, 0, 3)","(3, 0, 0, 7)",<statsmodels.tsa.statespace.sarimax.SARIMAXResultsWrapper object at 0x7f90838dd1c0>
1777.4721933127194,"(0, 0, 2)","(1, 0, 3, 14)",<statsmodels.tsa.statespace.sarimax.SARIMAXResultsWrapper object at 0x7f90147b07c0>
1777.4722252865604,"(0, 0, 2)","(4, 0, 0, 14)",<statsmodels.tsa.statespace.sarimax.SARIMAXResultsWrapper object at 0x7f8ed2bb9070>
1777.4739075935074,"(0, 0, 2)","(2, 0, 2, 14)",<statsmodels.tsa.statespace.sarimax.SARIMAXResultsWrapper object at 0x7f8fa437cb50>
1777.4739373038979,"(0, 0, 2)","(3, 0, 1, 14)",<statsmodels.tsa.statespace.sarimax.SARIMAXResultsWrapper object at 0x7f8fd6840fd0>
1777.4756593473105,"(0, 0, 2)","(0, 0, 4, 14)",<statsmodels.tsa.statespace.sarimax.SARIMAXResultsWrapper object at 0x7f9040790100>
1777.7448289346069,"(0, 0, 3)","(0, 0, 3, 7)",<statsmodels.tsa.statespace.sarimax.SARIMAXResultsWrapper object at 0x7f909120b5e0>
1779.0586880161152,"(0, 0, 2)","(4, 0, 2, 7)",<statsmodels.tsa.statespace.sarimax.SARIMAXResultsWrapper object at 0x7f8f87a573a0>
1779.0601184396687,"(0, 0, 2)","(2, 0, 4, 7)",<statsmodels.tsa.statespace.sarimax.SARIMAXResultsWrapper object at 0x7f8fb4bfb1f0>
1779.0604005768796,"(0, 0, 2)","(3, 0, 3, 7)",<statsmodels.tsa.statespace.sarimax.SARIMAXResultsWrapper object at 0x7f8f5734cbe0>
1779.3976993207057,"(0, 0, 3)","(3, 0, 1, 7)",<statsmodels.tsa.statespace.sarimax.SARIMAXResultsWrapper object at 0x7f8fd6c35d60>
1779.3994961807252,"(0, 0, 3)","(1, 0, 3, 7)",<statsmodels.tsa.statespace.sarimax.SARIMAXResultsWrapper object at 0x7f8fe9815fa0>
1779.4000788582478,"(0, 0, 3)","(4, 0, 0, 7)",<statsmodels.tsa.statespace.sarimax.SARIMAXResultsWrapper object at 0x7f8f2e920eb0>
1779.40101469307,"(0, 0, 3)","(2, 0, 2, 7)",<statsmodels.tsa.statespace.sarimax.SARIMAXResultsWrapper object at 0x7f8fa437c3a0>
1779.4722106801155,"(0, 0, 2)","(4, 0, 1, 14)",<statsmodels.tsa.statespace.sarimax.SARIMAXResultsWrapper object at 0x7f8f07248940>
1779.4722342182629,"(0, 0, 2)","(2, 0, 3, 14)",<statsmodels.tsa.statespace.sarimax.SARIMAXResultsWrapper object at 0x7f8facf6ec10>
1779.4724155653525,"(0, 0, 2)","(3, 0, 2, 14)",<statsmodels.tsa.statespace.sarimax.SARIMAXResultsWrapper object at 0x7f8f55fd49a0>
1779.4736921040503,"(0, 0, 2)","(1, 0, 4, 14)",<statsmodels.tsa.statespace.sarimax.SARIMAXResultsWrapper object at 0x7f8ff312ff70>
1779.5795426835086,"(0, 0, 3)","(0, 0, 4, 7)",<statsmodels.tsa.statespace.sarimax.SARIMAXResultsWrapper object at 0x7f905093df10>
1780.0661719529537,"(0, 0, 4)","(0, 0, 0, 7)",<statsmodels.tsa.statespace.sarimax.SARIMAXResultsWrapper object at 0x7f90837a9790>
1780.0661719529537,"(0, 0, 4)","(0, 0, 0, 14)",<statsmodels.tsa.statespace.sarimax.SARIMAXResultsWrapper object at 0x7f90911e5c40>
1780.8772186068084,"(0, 0, 4)","(0, 0, 1, 7)",<statsmodels.tsa.statespace.sarimax.SARIMAXResultsWrapper object at 0x7f90916110a0>
1781.0597540746735,"(0, 0, 2)","(4, 0, 3, 7)",<statsmodels.tsa.statespace.sarimax.SARIMAXResultsWrapper object at 0x7f8ef1e27370>
1781.0600307576303,"(0, 0, 2)","(3, 0, 4, 7)",<statsmodels.tsa.statespace.sarimax.SARIMAXResultsWrapper object at 0x7f8f6ecf9220>
1781.180564471934,"(0, 0, 4)","(1, 0, 0, 14)",<statsmodels.tsa.statespace.sarimax.SARIMAXResultsWrapper object at 0x7f9050988130>
1781.3389185768983,"(0, 0, 4)","(0, 0, 1, 14)",<statsmodels.tsa.statespace.sarimax.SARIMAXResultsWrapper object at 0x7f9091611640>
1781.3989358155873,"(0, 0, 3)","(1, 0, 4, 7)",<statsmodels.tsa.statespace.sarimax.SARIMAXResultsWrapper object at 0x7f8ff312fe20>
1781.3991954322737,"(0, 0, 3)","(3, 0, 2, 7)",<statsmodels.tsa.statespace.sarimax.SARIMAXResultsWrapper object at 0x7f8f55fd49d0>
1781.3995247297375,"(0, 0, 3)","(2, 0, 3, 7)",<statsmodels.tsa.statespace.sarimax.SARIMAXResultsWrapper object at 0x7f8facf6e1c0>
1781.4080669988266,"(0, 0, 3)","(4, 0, 1, 7)",<statsmodels.tsa.statespace.sarimax.SARIMAXResultsWrapper object at 0x7f8f07248280>
1781.4721930526093,"(0, 0, 2)","(2, 0, 4, 14)",<statsmodels.tsa.statespace.sarimax.SARIMAXResultsWrapper object at 0x7f8fb4bfb760>
1781.4722586115092,"(0, 0, 2)","(3, 0, 3, 14)",<statsmodels.tsa.statespace.sarimax.SARIMAXResultsWrapper object at 0x7f8f5734c190>
1781.472290101461,"(0, 0, 2)","(4, 0, 2, 14)",<statsmodels.tsa.statespace.sarimax.SARIMAXResultsWrapper object at 0x7f8f943afa90>
1782.0469751535938,"(0, 0, 4)","(1, 0, 1, 7)",<statsmodels.tsa.statespace.sarimax.SARIMAXResultsWrapper object at 0x7f9002f125e0>
1782.1007264978036,"(0, 0, 4)","(2, 0, 0, 7)",<statsmodels.tsa.statespace.sarimax.SARIMAXResultsWrapper object at 0x7f90708d0040>
1782.446112659599,"(0, 0, 4)","(0, 0, 2, 7)",<statsmodels.tsa.statespace.sarimax.SARIMAXResultsWrapper object at 0x7f9091261ca0>
1783.0598318676055,"(0, 0, 2)","(4, 0, 4, 7)",<statsmodels.tsa.statespace.sarimax.SARIMAXResultsWrapper object at 0x7f8ec4056790>
1783.1261442853909,"(0, 0, 4)","(1, 0, 1, 14)",<statsmodels.tsa.statespace.sarimax.SARIMAXResultsWrapper object at 0x7f9002ef3700>
1783.1271054137887,"(0, 0, 4)","(2, 0, 0, 14)",<statsmodels.tsa.statespace.sarimax.SARIMAXResultsWrapper object at 0x7f90911cdf10>
1783.1646453348992,"(0, 0, 4)","(0, 0, 2, 14)",<statsmodels.tsa.statespace.sarimax.SARIMAXResultsWrapper object at 0x7f90837a96a0>
1783.397987001786,"(0, 0, 3)","(4, 0, 2, 7)",<statsmodels.tsa.statespace.sarimax.SARIMAXResultsWrapper object at 0x7f8f943af580>
1783.3993837884482,"(0, 0, 3)","(2, 0, 4, 7)",<statsmodels.tsa.statespace.sarimax.SARIMAXResultsWrapper object at 0x7f8fb4bdaf70>
1783.4007477290354,"(0, 0, 3)","(3, 0, 3, 7)",<statsmodels.tsa.statespace.sarimax.SARIMAXResultsWrapper object at 0x7f8f57377100>
1783.4722156311611,"(0, 0, 2)","(3, 0, 4, 14)",<statsmodels.tsa.statespace.sarimax.SARIMAXResultsWrapper object at 0x7f8f3abadc70>
1783.4722385338227,"(0, 0, 2)","(4, 0, 3, 14)",<statsmodels.tsa.statespace.sarimax.SARIMAXResultsWrapper object at 0x7f8e902f6700>
1784.0451866525275,"(0, 0, 4)","(2, 0, 1, 7)",<statsmodels.tsa.statespace.sarimax.SARIMAXResultsWrapper object at 0x7f8fd6c0d580>
1784.0454852904654,"(0, 0, 4)","(1, 0, 2, 7)",<statsmodels.tsa.statespace.sarimax.SARIMAXResultsWrapper object at 0x7f901012e970>
1784.0581467546021,"(0, 0, 4)","(3, 0, 0, 7)",<statsmodels.tsa.statespace.sarimax.SARIMAXResultsWrapper object at 0x7f90407d8250>
1784.2512408377909,"(0, 0, 4)","(0, 0, 3, 7)",<statsmodels.tsa.statespace.sarimax.SARIMAXResultsWrapper object at 0x7f905064bd30>
1785.1255138760903,"(0, 0, 4)","(3, 0, 0, 14)",<statsmodels.tsa.statespace.sarimax.SARIMAXResultsWrapper object at 0x7f9050821c40>
1785.1255235974288,"(0, 0, 4)","(2, 0, 1, 14)",<statsmodels.tsa.statespace.sarimax.SARIMAXResultsWrapper object at 0x7f8fac8c8070>
1785.125651182422,"(0, 0, 4)","(1, 0, 2, 14)",<statsmodels.tsa.statespace.sarimax.SARIMAXResultsWrapper object at 0x7f9010112220>
1785.1297356899595,"(0, 0, 4)","(0, 0, 3, 14)",<statsmodels.tsa.statespace.sarimax.SARIMAXResultsWrapper object at 0x7f90602d7e80>
1785.3988095921763,"(0, 0, 3)","(4, 0, 3, 7)",<statsmodels.tsa.statespace.sarimax.SARIMAXResultsWrapper object at 0x7f8e902f6e80>
1785.3993710242607,"(0, 0, 3)","(3, 0, 4, 7)",<statsmodels.tsa.statespace.sarimax.SARIMAXResultsWrapper object at 0x7f8f28b63b20>
1785.4722126465542,"(0, 0, 2)","(4, 0, 4, 14)",<statsmodels.tsa.statespace.sarimax.SARIMAXResultsWrapper object at 0x7f8e921e2340>
1786.0439488126417,"(0, 0, 4)","(3, 0, 1, 7)",<statsmodels.tsa.statespace.sarimax.SARIMAXResultsWrapper object at 0x7f8fd6c37640>
1786.0454703908115,"(0, 0, 4)","(1, 0, 3, 7)",<statsmodels.tsa.statespace.sarimax.SARIMAXResultsWrapper object at 0x7f8ff30f2760>
1786.046073604354,"(0, 0, 4)","(2, 0, 2, 7)",<statsmodels.tsa.statespace.sarimax.SARIMAXResultsWrapper object at 0x7f8fa4d1f310>
1786.0469478609366,"(0, 0, 4)","(4, 0, 0, 7)",<statsmodels.tsa.statespace.sarimax.SARIMAXResultsWrapper object at 0x7f8f2e959ee0>
1786.1467365050144,"(0, 0, 4)","(0, 0, 4, 7)",<statsmodels.tsa.statespace.sarimax.SARIMAXResultsWrapper object at 0x7f9083781c40>
1787.1252563823475,"(0, 0, 4)","(1, 0, 3, 14)",<statsmodels.tsa.statespace.sarimax.SARIMAXResultsWrapper object at 0x7f9014a27cd0>
1787.1253505187767,"(0, 0, 4)","(4, 0, 0, 14)",<statsmodels.tsa.statespace.sarimax.SARIMAXResultsWrapper object at 0x7f8f2e926fa0>
1787.1258920838204,"(0, 0, 4)","(0, 0, 4, 14)",<statsmodels.tsa.statespace.sarimax.SARIMAXResultsWrapper object at 0x7f905095ec70>
1787.125941388274,"(0, 0, 4)","(2, 0, 2, 14)",<statsmodels.tsa.statespace.sarimax.SARIMAXResultsWrapper object at 0x7f8fa4d041f0>
1787.1267487871494,"(0, 0, 4)","(3, 0, 1, 14)",<statsmodels.tsa.statespace.sarimax.SARIMAXResultsWrapper object at 0x7f8fd68733d0>
1787.3990483168295,"(0, 0, 3)","(4, 0, 4, 7)",<statsmodels.tsa.statespace.sarimax.SARIMAXResultsWrapper object at 0x7f8e921e2ca0>
1788.0450618382608,"(0, 0, 4)","(1, 0, 4, 7)",<statsmodels.tsa.statespace.sarimax.SARIMAXResultsWrapper object at 0x7f9006ee3160>
1788.0453209374423,"(0, 0, 4)","(3, 0, 2, 7)",<statsmodels.tsa.statespace.sarimax.SARIMAXResultsWrapper object at 0x7f8f67fa6400>
1788.0454751979914,"(0, 0, 4)","(2, 0, 3, 7)",<statsmodels.tsa.statespace.sarimax.SARIMAXResultsWrapper object at 0x7f8fdd9a2580>
1788.055811593607,"(0, 0, 4)","(4, 0, 1, 7)",<statsmodels.tsa.statespace.sarimax.SARIMAXResultsWrapper object at 0x7f8eedd00af0>
1789.1253395356548,"(0, 0, 4)","(4, 0, 1, 14)",<statsmodels.tsa.statespace.sarimax.SARIMAXResultsWrapper object at 0x7f8f07280e80>
1789.1253942916499,"(0, 0, 4)","(2, 0, 3, 14)",<statsmodels.tsa.statespace.sarimax.SARIMAXResultsWrapper object at 0x7f8f831ce3a0>
1789.1254026711306,"(0, 0, 4)","(3, 0, 2, 14)",<statsmodels.tsa.statespace.sarimax.SARIMAXResultsWrapper object at 0x7f8f55fefa60>
1789.1256562966657,"(0, 0, 4)","(1, 0, 4, 14)",<statsmodels.tsa.statespace.sarimax.SARIMAXResultsWrapper object at 0x7f9006ec6f10>
1790.0446535933938,"(0, 0, 4)","(4, 0, 2, 7)",<statsmodels.tsa.statespace.sarimax.SARIMAXResultsWrapper object at 0x7f8f22ad0940>
1790.0453814409543,"(0, 0, 4)","(2, 0, 4, 7)",<statsmodels.tsa.statespace.sarimax.SARIMAXResultsWrapper object at 0x7f8faa1e2280>
1790.0460508215572,"(0, 0, 4)","(3, 0, 3, 7)",<statsmodels.tsa.statespace.sarimax.SARIMAXResultsWrapper object at 0x7f8f96d360a0>
1791.125350121658,"(0, 0, 4)","(3, 0, 3, 14)",<statsmodels.tsa.statespace.sarimax.SARIMAXResultsWrapper object at 0x7f8f96d36b50>
1791.1253640052028,"(0, 0, 4)","(4, 0, 2, 14)",<statsmodels.tsa.statespace.sarimax.SARIMAXResultsWrapper object at 0x7f8f22aa9250>
1791.1253969321767,"(0, 0, 4)","(2, 0, 4, 14)",<statsmodels.tsa.statespace.sarimax.SARIMAXResultsWrapper object at 0x7f8faa1c6c10>
1792.0450738909608,"(0, 0, 4)","(4, 0, 3, 7)",<statsmodels.tsa.statespace.sarimax.SARIMAXResultsWrapper object at 0x7f8ec388bb80>
1792.0453824323024,"(0, 0, 4)","(3, 0, 4, 7)",<statsmodels.tsa.statespace.sarimax.SARIMAXResultsWrapper object at 0x7f8f328156d0>
1793.1253030933153,"(0, 0, 4)","(4, 0, 3, 14)",<statsmodels.tsa.statespace.sarimax.SARIMAXResultsWrapper object at 0x7f8e90312eb0>
1793.125333586813,"(0, 0, 4)","(3, 0, 4, 14)",<statsmodels.tsa.statespace.sarimax.SARIMAXResultsWrapper object at 0x7f8f28b7f730>
1794.0451934057924,"(0, 0, 4)","(4, 0, 4, 7)",<statsmodels.tsa.statespace.sarimax.SARIMAXResultsWrapper object at 0x7f8e9a0b62b0>
1795.125342152199,"(0, 0, 4)","(4, 0, 4, 14)",<statsmodels.tsa.statespace.sarimax.SARIMAXResultsWrapper object at 0x7f8eba939910>
376153.2510911006,"(0, 1, 0)","(4, 1, 0, 14)",<statsmodels.tsa.statespace.sarimax.SARIMAXResultsWrapper object at 0x7f8e9a0d2bb0>
