AIC,Params,Seasonal_Params,Model,Ljung-Box p-value,Jarque-Bera p-value
1349.1773807762042,"(1, 2, 3)","(0, 1, 1, 7)",<statsmodels.tsa.statespace.sarimax.SARIMAXResultsWrapper object at 0x7fbf973667c0>,0.9395326331837918,0.12181269551001693
1349.8777807746983,"(3, 2, 3)","(1, 1, 1, 7)",<statsmodels.tsa.statespace.sarimax.SARIMAXResultsWrapper object at 0x7fbf31f085e0>,0.9637690956397311,0.00779163938826522
1350.3600313846,"(5, 2, 1)","(0, 1, 1, 7)",<statsmodels.tsa.statespace.sarimax.SARIMAXResultsWrapper object at 0x7fbf4692f790>,0.44480937253910524,0.006193326179078183
1351.1430111691334,"(3, 2, 3)","(0, 1, 1, 7)",<statsmodels.tsa.statespace.sarimax.SARIMAXResultsWrapper object at 0x7fbf315c4040>,0.9077552127676015,0.009668013713206776
1351.3253831613679,"(0, 2, 1)","(0, 1, 1, 7)",<statsmodels.tsa.statespace.sarimax.SARIMAXResultsWrapper object at 0x7fbf825e5850>,0.312368693720564,0.020758734567348266
1351.3285294036696,"(1, 2, 3)","(1, 1, 1, 7)",<statsmodels.tsa.statespace.sarimax.SARIMAXResultsWrapper object at 0x7fbf74e655e0>,0.9024044720132384,0.10101868534891709
1351.9564851848193,"(5, 2, 2)","(0, 1, 1, 7)",<statsmodels.tsa.statespace.sarimax.SARIMAXResultsWrapper object at 0x7fbf46ed83d0>,0.6154068009360298,0.0004987054526426027
1352.1947483521499,"(0, 2, 3)","(0, 1, 1, 7)",<statsmodels.tsa.statespace.sarimax.SARIMAXResultsWrapper object at 0x7fbf729e3a00>,0.5598753737202491,0.0006097667016027293
1352.3599407692732,"(5, 2, 1)","(1, 1, 1, 7)",<statsmodels.tsa.statespace.sarimax.SARIMAXResultsWrapper object at 0x7fbf351d15e0>,0.4463230190544146,0.006138020326976515
1352.5712041797624,"(0, 2, 2)","(0, 1, 1, 7)",<statsmodels.tsa.statespace.sarimax.SARIMAXResultsWrapper object at 0x7fbf526ba580>,0.3908729140915861,0.004948397028396183
1353.0826775693604,"(7, 2, 1)","(0, 1, 1, 7)",<statsmodels.tsa.statespace.sarimax.SARIMAXResultsWrapper object at 0x7fbf126f3a30>,0.9266127781240387,0.00013775718909751398
1353.1185874082155,"(5, 2, 3)","(1, 1, 1, 7)",<statsmodels.tsa.statespace.sarimax.SARIMAXResultsWrapper object at 0x7fbf00d48d00>,0.5889409242890229,0.013469983401037243
1353.4208043803696,"(7, 2, 0)","(0, 1, 1, 7)",<statsmodels.tsa.statespace.sarimax.SARIMAXResultsWrapper object at 0x7fbf232a2eb0>,0.9498363814627465,0.017031092581972367
1353.4521666602072,"(3, 2, 3)","(1, 1, 0, 7)",<statsmodels.tsa.statespace.sarimax.SARIMAXResultsWrapper object at 0x7fbf868bcaf0>,0.9068493664521406,0.011620352479646925
1353.4541054960728,"(5, 2, 2)","(1, 1, 1, 7)",<statsmodels.tsa.statespace.sarimax.SARIMAXResultsWrapper object at 0x7fbf117f09d0>,0.5844762661656734,0.00019057385251800758
1353.4638513558361,"(5, 2, 3)","(0, 1, 1, 7)",<statsmodels.tsa.statespace.sarimax.SARIMAXResultsWrapper object at 0x7fbf19ba5d30>,0.8940031811015433,0.00632492092491609
1353.8837968563191,"(3, 2, 1)","(0, 1, 1, 7)",<statsmodels.tsa.statespace.sarimax.SARIMAXResultsWrapper object at 0x7fbf3148dfa0>,0.7184278320712696,0.00174843804678549
1354.0389895306275,"(3, 2, 2)","(0, 1, 1, 7)",<statsmodels.tsa.statespace.sarimax.SARIMAXResultsWrapper object at 0x7fbf863f6be0>,0.13160538979027456,0.004342767923171119
1354.1849509611113,"(1, 2, 2)","(0, 1, 1, 7)",<statsmodels.tsa.statespace.sarimax.SARIMAXResultsWrapper object at 0x7fbf96e107f0>,0.348552381722242,0.01580899814399316
1354.2075848375284,"(7, 2, 1)","(0, 1, 0, 7)",<statsmodels.tsa.statespace.sarimax.SARIMAXResultsWrapper object at 0x7fbf2335fac0>,0.9184595345256471,0.0004930741770421193
1354.470845675904,"(0, 2, 1)","(1, 1, 1, 7)",<statsmodels.tsa.statespace.sarimax.SARIMAXResultsWrapper object at 0x7fbf7230faf0>,0.2726533558778206,0.009697392904278611
1354.4792414737235,"(1, 2, 1)","(0, 1, 1, 7)",<statsmodels.tsa.statespace.sarimax.SARIMAXResultsWrapper object at 0x7fbf749129a0>,0.8809167856763267,0.010001812231329506
1354.80141833875,"(7, 2, 3)","(0, 1, 0, 7)",<statsmodels.tsa.statespace.sarimax.SARIMAXResultsWrapper object at 0x7fbf36c62070>,0.8484136219931139,0.07861896004659043
1354.9774135137602,"(0, 2, 3)","(1, 1, 1, 7)",<statsmodels.tsa.statespace.sarimax.SARIMAXResultsWrapper object at 0x7fbf82f13a00>,0.6523477150851194,0.0003518393229731023
1355.0028802073166,"(0, 2, 2)","(1, 1, 0, 7)",<statsmodels.tsa.statespace.sarimax.SARIMAXResultsWrapper object at 0x7fbf41eec6a0>,0.29643034741353247,0.002486999788774308
1355.2506124207916,"(5, 2, 1)","(1, 1, 0, 7)",<statsmodels.tsa.statespace.sarimax.SARIMAXResultsWrapper object at 0x7fbf19923040>,0.45930511091218307,5.571717754570129e-05
1355.465111011361,"(1, 2, 1)","(1, 1, 1, 7)",<statsmodels.tsa.statespace.sarimax.SARIMAXResultsWrapper object at 0x7fbf436bec40>,0.8988083976373811,0.0046917700835988905
1355.69334304342,"(3, 2, 3)","(0, 1, 0, 7)",<statsmodels.tsa.statespace.sarimax.SARIMAXResultsWrapper object at 0x7fbf315b8ee0>,0.96985823826089,0.04399227995016051
1355.7324871712476,"(3, 2, 1)","(1, 1, 1, 7)",<statsmodels.tsa.statespace.sarimax.SARIMAXResultsWrapper object at 0x7fbf56e3a4c0>,0.6165389381778082,0.0023491940508614914
1355.91204963267,"(1, 2, 3)","(1, 1, 0, 7)",<statsmodels.tsa.statespace.sarimax.SARIMAXResultsWrapper object at 0x7fbf74e4a250>,0.9031643056741429,0.4703843045310159
1356.1155091858411,"(0, 2, 3)","(1, 1, 0, 7)",<statsmodels.tsa.statespace.sarimax.SARIMAXResultsWrapper object at 0x7fbf82ef3490>,0.7537206777671742,0.00017916036703154902
1356.239767745044,"(3, 2, 2)","(1, 1, 1, 7)",<statsmodels.tsa.statespace.sarimax.SARIMAXResultsWrapper object at 0x7fbf57474670>,0.7653220707268619,0.0006557082271595162
1356.2551601438774,"(7, 2, 2)","(0, 1, 0, 7)",<statsmodels.tsa.statespace.sarimax.SARIMAXResultsWrapper object at 0x7fbf12870910>,0.7300737026369982,0.00027892404698224947
1356.4101877813123,"(0, 2, 1)","(1, 1, 0, 7)",<statsmodels.tsa.statespace.sarimax.SARIMAXResultsWrapper object at 0x7fbf7230fcd0>,0.17881822349597132,0.00931569302598751
1356.5143573145967,"(5, 2, 2)","(1, 1, 0, 7)",<statsmodels.tsa.statespace.sarimax.SARIMAXResultsWrapper object at 0x7fbf21e88370>,0.7634029992786353,0.00012204595301092724
1356.5717672512865,"(3, 2, 1)","(1, 1, 0, 7)",<statsmodels.tsa.statespace.sarimax.SARIMAXResultsWrapper object at 0x7fbf56e15ee0>,0.7887466380217485,0.0014418926702818196
1356.6832391492235,"(7, 2, 2)","(0, 1, 1, 7)",<statsmodels.tsa.statespace.sarimax.SARIMAXResultsWrapper object at 0x7fbf12ab7eb0>,0.953288306250214,0.003867432553381558
1356.7124112217034,"(1, 2, 1)","(1, 1, 0, 7)",<statsmodels.tsa.statespace.sarimax.SARIMAXResultsWrapper object at 0x7fbf43beda60>,0.8386568464387533,0.003968028666530728
1357.414904862768,"(0, 2, 2)","(0, 1, 0, 7)",<statsmodels.tsa.statespace.sarimax.SARIMAXResultsWrapper object at 0x7fbf526a03a0>,0.3792893514564425,0.00043054250790542617
1357.4346398053153,"(5, 2, 2)","(0, 1, 0, 7)",<statsmodels.tsa.statespace.sarimax.SARIMAXResultsWrapper object at 0x7fbf21c9e280>,0.6028208240379717,0.0002737581701569575
1357.5562103832337,"(1, 2, 2)","(1, 1, 0, 7)",<statsmodels.tsa.statespace.sarimax.SARIMAXResultsWrapper object at 0x7fbf8486e8e0>,0.1757786733917544,0.010361952804516362
1357.9864354236788,"(7, 2, 3)","(0, 1, 1, 7)",<statsmodels.tsa.statespace.sarimax.SARIMAXResultsWrapper object at 0x7fbf36c62160>,0.8065704410684602,0.0054704541478944576
1357.999796446004,"(1, 2, 2)","(1, 1, 1, 7)",<statsmodels.tsa.statespace.sarimax.SARIMAXResultsWrapper object at 0x7fbf84889af0>,0.32512117290791664,0.02613873757455073
1358.2108210691279,"(5, 2, 0)","(1, 1, 1, 7)",<statsmodels.tsa.statespace.sarimax.SARIMAXResultsWrapper object at 0x7fbf19741520>,0.8346020914233301,0.12329760327413966
1358.2951059668435,"(3, 2, 2)","(1, 1, 0, 7)",<statsmodels.tsa.statespace.sarimax.SARIMAXResultsWrapper object at 0x7fbf57448fd0>,0.8473974565630807,0.0009559119744286899
1358.4246184253645,"(5, 2, 0)","(0, 1, 1, 7)",<statsmodels.tsa.statespace.sarimax.SARIMAXResultsWrapper object at 0x7fbf1949c310>,0.5803947862421359,0.21379516763260595
1358.4525372513453,"(0, 2, 1)","(0, 1, 0, 7)",<statsmodels.tsa.statespace.sarimax.SARIMAXResultsWrapper object at 0x7fbf825c6430>,0.09852846398935768,0.004945214952185585
1358.5736206083254,"(5, 2, 3)","(1, 1, 0, 7)",<statsmodels.tsa.statespace.sarimax.SARIMAXResultsWrapper object at 0x7fbf00d2e460>,0.9275056122056295,0.07809476545187513
1359.0756917493468,"(0, 2, 3)","(0, 1, 0, 7)",<statsmodels.tsa.statespace.sarimax.SARIMAXResultsWrapper object at 0x7fbf729e3160>,0.6305750150197551,6.536978260486193e-05
1359.4717415473465,"(1, 2, 1)","(0, 1, 0, 7)",<statsmodels.tsa.statespace.sarimax.SARIMAXResultsWrapper object at 0x7fbf43b1f040>,0.886896504903484,0.0008254732528408089
1359.5603374260977,"(3, 2, 2)","(0, 1, 0, 7)",<statsmodels.tsa.statespace.sarimax.SARIMAXResultsWrapper object at 0x7fbf863d5850>,0.469210430399602,0.0007303563947898942
1359.6123870745118,"(0, 2, 2)","(1, 1, 1, 7)",<statsmodels.tsa.statespace.sarimax.SARIMAXResultsWrapper object at 0x7fbf41f0ac40>,0.39647903062968226,0.0006516859448527947
1359.621725691833,"(1, 2, 3)","(0, 1, 0, 7)",<statsmodels.tsa.statespace.sarimax.SARIMAXResultsWrapper object at 0x7fbf97341d90>,0.3618666615351235,0.0004860775297452765
1359.6437380126918,"(3, 2, 1)","(0, 1, 0, 7)",<statsmodels.tsa.statespace.sarimax.SARIMAXResultsWrapper object at 0x7fbf56c76130>,0.5446946244902704,0.0007141568126285862
1360.024632375762,"(5, 2, 3)","(0, 1, 0, 7)",<statsmodels.tsa.statespace.sarimax.SARIMAXResultsWrapper object at 0x7fbf11918760>,0.698724485272686,0.08120921448083203
1362.15144856796,"(1, 2, 2)","(0, 1, 0, 7)",<statsmodels.tsa.statespace.sarimax.SARIMAXResultsWrapper object at 0x7fbf74df9e50>,0.191333932935132,0.003490996206214987
1362.2595348888203,"(5, 2, 1)","(0, 1, 0, 7)",<statsmodels.tsa.statespace.sarimax.SARIMAXResultsWrapper object at 0x7fbf116f3e80>,0.1377740871314524,6.799320951688877e-05
1363.084584363663,"(5, 2, 0)","(1, 1, 0, 7)",<statsmodels.tsa.statespace.sarimax.SARIMAXResultsWrapper object at 0x7fbf19722580>,0.9700134505057062,0.2045676200192497
1364.2524821294767,"(0, 1, 1)","(1, 1, 1, 7)",<statsmodels.tsa.statespace.sarimax.SARIMAXResultsWrapper object at 0x7fbf81885a00>,0.6144594386066697,1.3267892574187383e-10
1364.5228981687862,"(0, 1, 0)","(1, 1, 1, 7)",<statsmodels.tsa.statespace.sarimax.SARIMAXResultsWrapper object at 0x7fbf9341a160>,0.2290027798721797,4.854887410998232e-08
1364.735281523813,"(7, 2, 0)","(0, 1, 0, 7)",<statsmodels.tsa.statespace.sarimax.SARIMAXResultsWrapper object at 0x7fbf23281a60>,0.6960752120007137,0.03566065294466555
1366.0609602195434,"(5, 2, 0)","(0, 1, 0, 7)",<statsmodels.tsa.statespace.sarimax.SARIMAXResultsWrapper object at 0x7fbf19475f70>,0.5990044486649716,0.2389538832263829
1366.0622566166794,"(0, 1, 0)","(0, 1, 1, 7)",<statsmodels.tsa.statespace.sarimax.SARIMAXResultsWrapper object at 0x7fbf7116ca60>,0.33633889970836717,1.9291518766501305e-07
1366.6863585288515,"(3, 2, 0)","(1, 1, 1, 7)",<statsmodels.tsa.statespace.sarimax.SARIMAXResultsWrapper object at 0x7fbf76654490>,0.7976375093887886,0.08406147934345763
1366.7114538799754,"(1, 1, 0)","(1, 1, 1, 7)",<statsmodels.tsa.statespace.sarimax.SARIMAXResultsWrapper object at 0x7fbf73dc9490>,0.8905487505789599,1.4243396816709893e-09
1366.7960432510354,"(1, 1, 0)","(0, 1, 1, 7)",<statsmodels.tsa.statespace.sarimax.SARIMAXResultsWrapper object at 0x7fbf954eed00>,0.8958304828147817,9.83019560355829e-09
1366.9406755712018,"(0, 1, 1)","(0, 1, 1, 7)",<statsmodels.tsa.statespace.sarimax.SARIMAXResultsWrapper object at 0x7fbf61ebc850>,0.8460498604272932,2.093731456903274e-09
1367.2354903564606,"(3, 2, 0)","(0, 1, 1, 7)",<statsmodels.tsa.statespace.sarimax.SARIMAXResultsWrapper object at 0x7fbf66619b80>,0.7141966009711813,0.27564971021545315
1367.5371707488227,"(3, 1, 2)","(1, 1, 1, 7)",<statsmodels.tsa.statespace.sarimax.SARIMAXResultsWrapper object at 0x7fbf30c25a90>,0.9708632986141705,7.910029427709113e-10
1368.5809868998765,"(3, 1, 2)","(0, 1, 1, 7)",<statsmodels.tsa.statespace.sarimax.SARIMAXResultsWrapper object at 0x7fbf55fd1fd0>,0.9870765102642631,2.713655088406602e-09
1368.7390756838074,"(1, 1, 1)","(0, 1, 1, 7)",<statsmodels.tsa.statespace.sarimax.SARIMAXResultsWrapper object at 0x7fbf73f42c40>,0.8131901608254656,5.768537134219189e-10
1368.8687527478999,"(3, 1, 0)","(1, 1, 1, 7)",<statsmodels.tsa.statespace.sarimax.SARIMAXResultsWrapper object at 0x7fbf44bd06d0>,0.8936739624140436,1.3237246736229477e-11
1368.89447179051,"(1, 1, 1)","(1, 1, 1, 7)",<statsmodels.tsa.statespace.sarimax.SARIMAXResultsWrapper object at 0x7fbf5381d4c0>,0.8449365923004928,1.0304308936827958e-09
1369.0276466666594,"(3, 1, 0)","(0, 1, 1, 7)",<statsmodels.tsa.statespace.sarimax.SARIMAXResultsWrapper object at 0x7fbf8570ce80>,0.9578079162580093,1.7442324172739953e-11
1369.0924885949034,"(5, 1, 3)","(1, 1, 1, 7)",<statsmodels.tsa.statespace.sarimax.SARIMAXResultsWrapper object at 0x7fbf21a19790>,0.8591379509087048,1.4912885289956705e-10
1369.193384490561,"(0, 1, 2)","(0, 1, 1, 7)",<statsmodels.tsa.statespace.sarimax.SARIMAXResultsWrapper object at 0x7fbf621b0ac0>,0.8530212951476188,9.025673536042e-11
1369.2990236426929,"(3, 1, 3)","(1, 1, 1, 7)",<statsmodels.tsa.statespace.sarimax.SARIMAXResultsWrapper object at 0x7fbf86105d30>,0.8804036609569532,3.3705754614281993e-13
1369.4218669732602,"(0, 1, 3)","(0, 1, 1, 7)",<statsmodels.tsa.statespace.sarimax.SARIMAXResultsWrapper object at 0x7fbf71c0fbb0>,0.9749739148442702,4.104543167423809e-11
1369.459896244651,"(1, 1, 3)","(1, 1, 1, 7)",<statsmodels.tsa.statespace.sarimax.SARIMAXResultsWrapper object at 0x7fbf9675a6a0>,0.6896511919616694,4.000939987622472e-12
1369.5049275635163,"(3, 1, 1)","(1, 1, 1, 7)",<statsmodels.tsa.statespace.sarimax.SARIMAXResultsWrapper object at 0x7fbf85b368b0>,0.7488836524861271,1.418694342963728e-13
1369.621326607091,"(0, 1, 3)","(1, 1, 1, 7)",<statsmodels.tsa.statespace.sarimax.SARIMAXResultsWrapper object at 0x7fbf940fc0d0>,0.9677330507988471,6.080244743266545e-11
1369.7558291652392,"(0, 1, 1)","(1, 1, 0, 7)",<statsmodels.tsa.statespace.sarimax.SARIMAXResultsWrapper object at 0x7fbf81865940>,0.7670234311497682,1.603228108537195e-08
1370.1933872357667,"(0, 1, 0)","(1, 1, 0, 7)",<statsmodels.tsa.statespace.sarimax.SARIMAXResultsWrapper object at 0x7fbf51b99340>,0.16433190595192923,3.7086633005194536e-06
1370.2284690312292,"(1, 1, 0)","(1, 1, 0, 7)",<statsmodels.tsa.statespace.sarimax.SARIMAXResultsWrapper object at 0x7fbf63e4b7f0>,0.8465875652073482,1.9672094779499188e-07
1370.3087149586881,"(3, 1, 3)","(0, 1, 1, 7)",<statsmodels.tsa.statespace.sarimax.SARIMAXResultsWrapper object at 0x7fbf44eab0d0>,0.8883333086395601,7.315918586504782e-13
1370.3162984456237,"(0, 1, 2)","(1, 1, 1, 7)",<statsmodels.tsa.statespace.sarimax.SARIMAXResultsWrapper object at 0x7fbf51e81df0>,0.8189373174236567,2.6228928713392803e-10
1370.3379654678397,"(1, 1, 2)","(0, 1, 1, 7)",<statsmodels.tsa.statespace.sarimax.SARIMAXResultsWrapper object at 0x7fbf43007f10>,0.9752776401532215,1.0315297259102314e-10
1370.3457533022674,"(3, 2, 0)","(1, 1, 0, 7)",<statsmodels.tsa.statespace.sarimax.SARIMAXResultsWrapper object at 0x7fbf4508c940>,0.7964457516777537,0.22110417217326933
1370.4599608438332,"(3, 1, 3)","(0, 1, 0, 7)",<statsmodels.tsa.statespace.sarimax.SARIMAXResultsWrapper object at 0x7fbf76199910>,0.8837203101041721,4.353240391540922e-09
1370.6353854358536,"(3, 1, 2)","(1, 1, 0, 7)",<statsmodels.tsa.statespace.sarimax.SARIMAXResultsWrapper object at 0x7fbf30c055e0>,0.9929487057303229,3.0409777982690937e-07
1370.8893911514526,"(5, 1, 1)","(1, 1, 1, 7)",<statsmodels.tsa.statespace.sarimax.SARIMAXResultsWrapper object at 0x7fbf20fcfc70>,0.8561138001261701,9.499364251841481e-14
1370.8905039238293,"(3, 1, 1)","(0, 1, 1, 7)",<statsmodels.tsa.statespace.sarimax.SARIMAXResultsWrapper object at 0x7fbf306c0fa0>,0.975869735429092,1.3146380602808298e-11
1370.917360716839,"(1, 1, 3)","(0, 1, 1, 7)",<statsmodels.tsa.statespace.sarimax.SARIMAXResultsWrapper object at 0x7fbf83ef9ee0>,0.8332176209680251,3.5927370258822323e-12
1370.95988410578,"(1, 1, 2)","(1, 1, 1, 7)",<statsmodels.tsa.statespace.sarimax.SARIMAXResultsWrapper object at 0x7fbf4319a430>,0.9929683046713312,1.8099167371878176e-10
1371.0692167731765,"(3, 1, 3)","(1, 1, 0, 7)",<statsmodels.tsa.statespace.sarimax.SARIMAXResultsWrapper object at 0x7fbf8612a7c0>,0.8835526265092639,1.8044898885548024e-11
1371.465098652266,"(1, 1, 1)","(1, 1, 0, 7)",<statsmodels.tsa.statespace.sarimax.SARIMAXResultsWrapper object at 0x7fbf537f7ee0>,0.8051898586273616,2.704583413609939e-09
1371.4678104201612,"(3, 1, 2)","(0, 1, 0, 7)",<statsmodels.tsa.statespace.sarimax.SARIMAXResultsWrapper object at 0x7fbf55f02370>,0.9141224605548962,2.8781807613391132e-05
1371.54092910239,"(0, 1, 2)","(1, 1, 0, 7)",<statsmodels.tsa.statespace.sarimax.SARIMAXResultsWrapper object at 0x7fbf51df3bb0>,0.901382480196257,3.605397290654286e-10
1371.696969130577,"(3, 1, 0)","(1, 1, 0, 7)",<statsmodels.tsa.statespace.sarimax.SARIMAXResultsWrapper object at 0x7fbf44bb50a0>,0.9372024285500246,3.147450839736451e-09
1371.7016612700425,"(5, 1, 0)","(1, 1, 1, 7)",<statsmodels.tsa.statespace.sarimax.SARIMAXResultsWrapper object at 0x7fbf40f5f280>,0.7599124323382522,3.452079911674014e-15
1372.1580804189887,"(5, 1, 2)","(0, 1, 1, 7)",<statsmodels.tsa.statespace.sarimax.SARIMAXResultsWrapper object at 0x7fbf33933520>,0.9640685795304815,7.861926396658937e-10
1372.2410168127738,"(0, 1, 3)","(1, 1, 0, 7)",<statsmodels.tsa.statespace.sarimax.SARIMAXResultsWrapper object at 0x7fbf52157e20>,0.9752167721607211,1.924700291503075e-09
1372.4309311377942,"(5, 1, 0)","(0, 1, 1, 7)",<statsmodels.tsa.statespace.sarimax.SARIMAXResultsWrapper object at 0x7fbf10390fa0>,0.8758840874973811,1.2565078064824125e-13
1372.6515385977489,"(5, 1, 3)","(0, 1, 1, 7)",<statsmodels.tsa.statespace.sarimax.SARIMAXResultsWrapper object at 0x7fbf21794130>,0.9496379574253214,1.1135378179217633e-10
1372.8601048761334,"(5, 1, 1)","(0, 1, 1, 7)",<statsmodels.tsa.statespace.sarimax.SARIMAXResultsWrapper object at 0x7fbf10645ee0>,0.9027029915431528,3.475993604886505e-12
1372.86888047853,"(5, 1, 2)","(1, 1, 1, 7)",<statsmodels.tsa.statespace.sarimax.SARIMAXResultsWrapper object at 0x7fbf33e20b50>,0.9070884246826658,2.088562226153774e-12
1372.89703698934,"(1, 1, 2)","(1, 1, 0, 7)",<statsmodels.tsa.statespace.sarimax.SARIMAXResultsWrapper object at 0x7fbf43174df0>,0.999300638902166,6.755401748922379e-10
1372.9653358289374,"(0, 1, 1)","(0, 1, 0, 7)",<statsmodels.tsa.statespace.sarimax.SARIMAXResultsWrapper object at 0x7fbf61e9d130>,0.7881688420882556,4.7509104915038175e-07
1373.0628041422647,"(5, 1, 2)","(0, 1, 0, 7)",<statsmodels.tsa.statespace.sarimax.SARIMAXResultsWrapper object at 0x7fbf339335b0>,0.8695992806852904,8.305359757491582e-09
1373.3869040678162,"(3, 2, 0)","(0, 1, 0, 7)",<statsmodels.tsa.statespace.sarimax.SARIMAXResultsWrapper object at 0x7fbf7659a8e0>,0.9028793863110416,0.14406783026931969
1373.434185732891,"(7, 1, 3)","(0, 1, 0, 7)",<statsmodels.tsa.statespace.sarimax.SARIMAXResultsWrapper object at 0x7fbf2320c4c0>,0.8987030435786232,1.781011501954485e-05
1373.4557824643368,"(7, 1, 0)","(0, 1, 0, 7)",<statsmodels.tsa.statespace.sarimax.SARIMAXResultsWrapper object at 0x7fbf23010160>,0.7902313925462653,9.773386675922651e-10
1373.5693428277043,"(1, 1, 0)","(0, 1, 0, 7)",<statsmodels.tsa.statespace.sarimax.SARIMAXResultsWrapper object at 0x7fbf42d99580>,0.8173462631797834,6.919486175781675e-06
1373.5957420383702,"(7, 1, 0)","(0, 1, 1, 7)",<statsmodels.tsa.statespace.sarimax.SARIMAXResultsWrapper object at 0x7fbf1a4f63a0>,0.7992894086547205,3.6701397207608977e-09
1373.685137373398,"(3, 1, 1)","(1, 1, 0, 7)",<statsmodels.tsa.statespace.sarimax.SARIMAXResultsWrapper object at 0x7fbf85b1a310>,0.9498794684077166,2.656580887449175e-09
1373.9108841563716,"(7, 1, 2)","(0, 1, 0, 7)",<statsmodels.tsa.statespace.sarimax.SARIMAXResultsWrapper object at 0x7fbf120a8910>,0.7439387644006121,0.0004544332763757378
1374.3650381321627,"(5, 1, 3)","(0, 1, 0, 7)",<statsmodels.tsa.statespace.sarimax.SARIMAXResultsWrapper object at 0x7fbf46534b50>,0.871031361430652,8.186293416835727e-09
1374.5694804047907,"(7, 1, 3)","(0, 1, 1, 7)",<statsmodels.tsa.statespace.sarimax.SARIMAXResultsWrapper object at 0x7fbf2322ce20>,0.9978187106927866,2.520470258709844e-07
1374.5965719981602,"(5, 1, 1)","(1, 1, 0, 7)",<statsmodels.tsa.statespace.sarimax.SARIMAXResultsWrapper object at 0x7fbf20fb25b0>,0.8626832266476899,5.87873909750922e-10
1374.7329714553748,"(1, 1, 3)","(1, 1, 0, 7)",<statsmodels.tsa.statespace.sarimax.SARIMAXResultsWrapper object at 0x7fbf96316130>,0.9558529388296876,1.7775099749321766e-09
1374.8235477751898,"(5, 1, 1)","(0, 1, 0, 7)",<statsmodels.tsa.statespace.sarimax.SARIMAXResultsWrapper object at 0x7fbf40f5f1f0>,0.8167980889288814,9.725659130670947e-08
1374.8438977636958,"(1, 1, 1)","(0, 1, 0, 7)",<statsmodels.tsa.statespace.sarimax.SARIMAXResultsWrapper object at 0x7fbf73f23430>,0.8366851705483438,1.9493503028970805e-07
1374.8803879527545,"(5, 1, 0)","(1, 1, 0, 7)",<statsmodels.tsa.statespace.sarimax.SARIMAXResultsWrapper object at 0x7fbf40f39d90>,0.843471848130466,4.303298906038907e-11
1374.9632341807587,"(5, 1, 3)","(1, 1, 0, 7)",<statsmodels.tsa.statespace.sarimax.SARIMAXResultsWrapper object at 0x7fbf19029f40>,0.896365855715369,2.442269417439935e-11
1375.0813613105483,"(0, 1, 2)","(0, 1, 0, 7)",<statsmodels.tsa.statespace.sarimax.SARIMAXResultsWrapper object at 0x7fbf6208fbe0>,0.990483422459803,6.981392947807426e-08
1375.1389403843655,"(0, 1, 0)","(0, 1, 0, 7)",<statsmodels.tsa.statespace.sarimax.SARIMAXResultsWrapper object at 0x7fbf71152070>,0.05380669890591534,6.162679049143508e-05
1375.2015172768035,"(7, 1, 1)","(0, 1, 0, 7)",<statsmodels.tsa.statespace.sarimax.SARIMAXResultsWrapper object at 0x7fbf47ba3130>,0.9280886697589383,2.409762443491365e-09
1375.4436400784105,"(3, 1, 0)","(0, 1, 0, 7)",<statsmodels.tsa.statespace.sarimax.SARIMAXResultsWrapper object at 0x7fbf75bcdc10>,0.8963989756161848,1.1056738237154672e-06
1376.15719291427,"(0, 1, 3)","(0, 1, 0, 7)",<statsmodels.tsa.statespace.sarimax.SARIMAXResultsWrapper object at 0x7fbf71c35190>,0.9260905330751825,1.0595585946215739e-06
1376.1922365787239,"(7, 1, 1)","(0, 1, 1, 7)",<statsmodels.tsa.statespace.sarimax.SARIMAXResultsWrapper object at 0x7fbf47bc4b50>,0.9998125798018227,8.246269798820091e-11
1376.267308248224,"(5, 1, 2)","(1, 1, 0, 7)",<statsmodels.tsa.statespace.sarimax.SARIMAXResultsWrapper object at 0x7fbf18bd9550>,0.9110876897383604,3.511796492238226e-09
1376.4774383241001,"(1, 1, 2)","(0, 1, 0, 7)",<statsmodels.tsa.statespace.sarimax.SARIMAXResultsWrapper object at 0x7fbf42fe9820>,0.9686954411543809,9.33414628219474e-08
1377.3712377838765,"(3, 1, 1)","(0, 1, 0, 7)",<statsmodels.tsa.statespace.sarimax.SARIMAXResultsWrapper object at 0x7fbf306a0850>,0.902159906807244,9.685235143258352e-07
1377.500194453895,"(5, 1, 0)","(0, 1, 0, 7)",<statsmodels.tsa.statespace.sarimax.SARIMAXResultsWrapper object at 0x7fbf876db460>,0.7509076706993794,1.81501347660979e-08
1377.9972117886414,"(7, 1, 2)","(0, 1, 1, 7)",<statsmodels.tsa.statespace.sarimax.SARIMAXResultsWrapper object at 0x7fbf120d32e0>,0.9148273212702094,2.3211641523245437e-10
1379.3558057745768,"(1, 1, 3)","(0, 1, 0, 7)",<statsmodels.tsa.statespace.sarimax.SARIMAXResultsWrapper object at 0x7fbf431d8fa0>,0.8991652491962838,7.609714538107722e-07
1384.858325631796,"(1, 2, 0)","(0, 1, 1, 7)",<statsmodels.tsa.statespace.sarimax.SARIMAXResultsWrapper object at 0x7fbf96876490>,0.07231954650910652,0.3543621414377215
1386.1553803941033,"(1, 2, 0)","(1, 1, 1, 7)",<statsmodels.tsa.statespace.sarimax.SARIMAXResultsWrapper object at 0x7fbf436beee0>,0.0770018636890238,0.4396739422672197
1390.1119307829922,"(1, 2, 0)","(1, 1, 0, 7)",<statsmodels.tsa.statespace.sarimax.SARIMAXResultsWrapper object at 0x7fbf96893a00>,0.03966181878065028,0.4921453811892341
1394.2531349643898,"(1, 2, 0)","(0, 1, 0, 7)",<statsmodels.tsa.statespace.sarimax.SARIMAXResultsWrapper object at 0x7fbf52f8b3a0>,0.02613918060994357,0.7832009274111247
1397.212399575323,"(0, 2, 0)","(0, 1, 1, 7)",<statsmodels.tsa.statespace.sarimax.SARIMAXResultsWrapper object at 0x7fbf9437a580>,7.696418648766735e-05,0.04189992312537808
1398.6620837758887,"(0, 2, 0)","(1, 1, 1, 7)",<statsmodels.tsa.statespace.sarimax.SARIMAXResultsWrapper object at 0x7fbf5236e070>,6.128430854470284e-05,0.04380574685438637
1404.5517147468386,"(0, 2, 0)","(1, 1, 0, 7)",<statsmodels.tsa.statespace.sarimax.SARIMAXResultsWrapper object at 0x7fbf62705d30>,1.919730477587801e-05,0.024827383831417135
1404.7780435437633,"(3, 0, 0)","(0, 1, 1, 7)",<statsmodels.tsa.statespace.sarimax.SARIMAXResultsWrapper object at 0x7fbf54fdbd60>,0.2213893724331963,2.0406550904535985e-18
1405.346327187251,"(3, 0, 1)","(0, 1, 1, 7)",<statsmodels.tsa.statespace.sarimax.SARIMAXResultsWrapper object at 0x7fbf55425880>,0.5670719568454232,1.291240659306811e-20
1405.4961085253956,"(3, 0, 1)","(1, 1, 1, 7)",<statsmodels.tsa.statespace.sarimax.SARIMAXResultsWrapper object at 0x7fbf5559c3d0>,0.7731985719818313,2.933851316497774e-19
1405.6901028187667,"(3, 0, 0)","(1, 1, 0, 7)",<statsmodels.tsa.statespace.sarimax.SARIMAXResultsWrapper object at 0x7fbf5502de20>,0.46248740780493836,4.9577629464428065e-25
1406.5061923712922,"(1, 0, 1)","(1, 1, 0, 7)",<statsmodels.tsa.statespace.sarimax.SARIMAXResultsWrapper object at 0x7fbf83131370>,0.6621911729511241,2.620135345694283e-19
1406.5646184716147,"(3, 0, 2)","(1, 1, 1, 7)",<statsmodels.tsa.statespace.sarimax.SARIMAXResultsWrapper object at 0x7fbf8507ea90>,0.599288510901989,1.734258930048179e-05
1406.7226062813434,"(1, 0, 1)","(0, 1, 1, 7)",<statsmodels.tsa.statespace.sarimax.SARIMAXResultsWrapper object at 0x7fbf4260cca0>,0.6656118280277168,1.3639593768898422e-12
1406.777886847174,"(3, 0, 0)","(1, 1, 1, 7)",<statsmodels.tsa.statespace.sarimax.SARIMAXResultsWrapper object at 0x7fbf550532e0>,0.21938112052345576,2.4653419229734043e-18
1407.3579330484572,"(5, 0, 2)","(1, 1, 1, 7)",<statsmodels.tsa.statespace.sarimax.SARIMAXResultsWrapper object at 0x7fbf87089b50>,0.5850044075807783,5.458181029457452e-25
1407.3632376466894,"(5, 0, 3)","(1, 1, 1, 7)",<statsmodels.tsa.statespace.sarimax.SARIMAXResultsWrapper object at 0x7fbf876fbbe0>,0.9319301164575945,4.071959583622325e-27
1407.3738031494997,"(5, 0, 1)","(0, 1, 1, 7)",<statsmodels.tsa.statespace.sarimax.SARIMAXResultsWrapper object at 0x7fbf77906400>,0.5175028770912196,4.712354497018337e-23
1407.3876158416917,"(1, 0, 2)","(0, 1, 1, 7)",<statsmodels.tsa.statespace.sarimax.SARIMAXResultsWrapper object at 0x7fbf94db3940>,0.3775954314303598,3.2373822347524534e-13
1407.5733175261398,"(3, 0, 1)","(1, 1, 0, 7)",<statsmodels.tsa.statespace.sarimax.SARIMAXResultsWrapper object at 0x7fbf75725f70>,0.5973102214215478,7.48221825288519e-26
1407.9237036189131,"(5, 0, 1)","(1, 1, 1, 7)",<statsmodels.tsa.statespace.sarimax.SARIMAXResultsWrapper object at 0x7fbf20020bb0>,0.2973679803536833,1.4845620761506418e-16
1408.007269858877,"(1, 0, 2)","(1, 1, 0, 7)",<statsmodels.tsa.statespace.sarimax.SARIMAXResultsWrapper object at 0x7fbf73a21220>,0.393819995595456,7.7426024342633815e-19
1408.229196934994,"(5, 0, 2)","(0, 1, 1, 7)",<statsmodels.tsa.statespace.sarimax.SARIMAXResultsWrapper object at 0x7fbf326203a0>,0.7349395964200544,1.1868688534408305e-29
1408.3184530615956,"(5, 0, 1)","(0, 1, 0, 7)",<statsmodels.tsa.statespace.sarimax.SARIMAXResultsWrapper object at 0x7fbf57cadb80>,0.6406150105347204,9.415178200778281e-19
1408.3951713110446,"(1, 0, 0)","(0, 1, 1, 7)",<statsmodels.tsa.statespace.sarimax.SARIMAXResultsWrapper object at 0x7fbf52a0d5e0>,0.8734046406813025,7.877688698005695e-09
1408.4919395291329,"(1, 0, 1)","(1, 1, 1, 7)",<statsmodels.tsa.statespace.sarimax.SARIMAXResultsWrapper object at 0x7fbf94d537f0>,0.6664275854532028,1.836159647962973e-18
1408.661284807192,"(3, 0, 0)","(0, 1, 0, 7)",<statsmodels.tsa.statespace.sarimax.SARIMAXResultsWrapper object at 0x7fbf54fbe7c0>,0.4950187013423656,2.328549407729842e-21
1408.9969410279255,"(5, 0, 1)","(1, 1, 0, 7)",<statsmodels.tsa.statespace.sarimax.SARIMAXResultsWrapper object at 0x7fbf323c7790>,0.6792996365696002,4.17937043706003e-24
1409.0199496207902,"(3, 0, 2)","(1, 1, 0, 7)",<statsmodels.tsa.statespace.sarimax.SARIMAXResultsWrapper object at 0x7fbf8507ed90>,0.4923224857114945,3.354429016748471e-08
1409.0574839206924,"(5, 0, 2)","(0, 1, 0, 7)",<statsmodels.tsa.statespace.sarimax.SARIMAXResultsWrapper object at 0x7fbf67d9fb20>,0.9632076324898144,3.8679724801819175e-18
1409.3641838746976,"(3, 0, 3)","(0, 1, 1, 7)",<statsmodels.tsa.statespace.sarimax.SARIMAXResultsWrapper object at 0x7fbf97ec5340>,0.7821594597847457,9.309374944519245e-19
1409.6240283264428,"(7, 0, 3)","(0, 1, 0, 7)",<statsmodels.tsa.statespace.sarimax.SARIMAXResultsWrapper object at 0x7fbf36304820>,0.8263512079818702,1.1166020821207069e-14
1409.8304854992377,"(1, 0, 2)","(0, 1, 0, 7)",<statsmodels.tsa.statespace.sarimax.SARIMAXResultsWrapper object at 0x7fbf94db3a30>,0.33133784971767405,3.127793693523607e-16
1409.9278571948591,"(5, 0, 2)","(1, 1, 0, 7)",<statsmodels.tsa.statespace.sarimax.SARIMAXResultsWrapper object at 0x7fbf8706b490>,0.9202944129074592,6.92528217437495e-21
1409.977972127613,"(5, 0, 0)","(1, 1, 0, 7)",<statsmodels.tsa.statespace.sarimax.SARIMAXResultsWrapper object at 0x7fbf459e4e50>,0.34862058295409515,1.736232989724618e-21
1410.021993315853,"(7, 0, 1)","(0, 1, 0, 7)",<statsmodels.tsa.statespace.sarimax.SARIMAXResultsWrapper object at 0x7fbf36161a30>,0.6798597264786735,2.236505136757251e-21
1410.0452420205079,"(3, 0, 3)","(1, 1, 1, 7)",<statsmodels.tsa.statespace.sarimax.SARIMAXResultsWrapper object at 0x7fbf55b899a0>,0.5680985307929591,1.0950112078143658e-12
1410.1482433206083,"(3, 0, 2)","(0, 1, 1, 7)",<statsmodels.tsa.statespace.sarimax.SARIMAXResultsWrapper object at 0x7fbf64d57790>,0.31317379647808014,6.213313876892455e-14
1410.1587450448149,"(1, 0, 1)","(0, 1, 0, 7)",<statsmodels.tsa.statespace.sarimax.SARIMAXResultsWrapper object at 0x7fbf4260cc10>,0.6839492846480737,5.808134530078021e-18
1410.2078117868323,"(5, 0, 0)","(0, 1, 1, 7)",<statsmodels.tsa.statespace.sarimax.SARIMAXResultsWrapper object at 0x7fbf32182a90>,0.16575040672822,3.6654739851273824e-16
1410.2871127065314,"(3, 0, 3)","(0, 1, 0, 7)",<statsmodels.tsa.statespace.sarimax.SARIMAXResultsWrapper object at 0x7fbf75ac29a0>,0.7375481268488568,9.96195950231212e-21
1410.314410337255,"(7, 0, 2)","(0, 1, 0, 7)",<statsmodels.tsa.statespace.sarimax.SARIMAXResultsWrapper object at 0x7fbf36219fd0>,0.5733983691030667,9.560956923677477e-16
1410.346154740502,"(7, 0, 1)","(0, 1, 1, 7)",<statsmodels.tsa.statespace.sarimax.SARIMAXResultsWrapper object at 0x7fbf22abec40>,0.5469771020149974,1.216859975364299e-22
1410.3872700110155,"(5, 0, 3)","(0, 1, 0, 7)",<statsmodels.tsa.statespace.sarimax.SARIMAXResultsWrapper object at 0x7fbf32d00af0>,0.9385543832348678,8.442675424252236e-17
1410.5066689676942,"(3, 0, 3)","(1, 1, 0, 7)",<statsmodels.tsa.statespace.sarimax.SARIMAXResultsWrapper object at 0x7fbf97edf700>,0.8881759326366157,1.9943968014770294e-23
1410.5395658904035,"(7, 0, 0)","(0, 1, 0, 7)",<statsmodels.tsa.statespace.sarimax.SARIMAXResultsWrapper object at 0x7fbf471cab80>,0.24697834632817678,7.05638961141123e-18
1410.5422943329324,"(1, 0, 3)","(0, 1, 1, 7)",<statsmodels.tsa.statespace.sarimax.SARIMAXResultsWrapper object at 0x7fbf95234d30>,0.522657426290799,8.871137731590792e-13
1410.6093801894808,"(3, 0, 1)","(0, 1, 0, 7)",<statsmodels.tsa.statespace.sarimax.SARIMAXResultsWrapper object at 0x7fbf55407190>,0.5799920151761434,1.1753140196721853e-21
1410.9855337070796,"(1, 0, 0)","(1, 1, 0, 7)",<statsmodels.tsa.statespace.sarimax.SARIMAXResultsWrapper object at 0x7fbf52c733d0>,0.20459318526801556,8.083077697629295e-15
1411.0661111893967,"(1, 0, 3)","(1, 1, 0, 7)",<statsmodels.tsa.statespace.sarimax.SARIMAXResultsWrapper object at 0x7fbf836c5df0>,0.4663562246079266,6.967989325937598e-18
1411.2164261317353,"(7, 0, 0)","(0, 1, 1, 7)",<statsmodels.tsa.statespace.sarimax.SARIMAXResultsWrapper object at 0x7fbf471f82b0>,0.21717661779524636,2.4790663689437425e-18
1411.2445540115937,"(5, 0, 3)","(1, 1, 0, 7)",<statsmodels.tsa.statespace.sarimax.SARIMAXResultsWrapper object at 0x7fbf873de730>,0.919433964486341,1.0441532081880747e-20
1411.4610329237696,"(0, 2, 0)","(0, 1, 0, 7)",<statsmodels.tsa.statespace.sarimax.SARIMAXResultsWrapper object at 0x7fbf419aa310>,4.7697641310224236e-06,0.008843320681763496
1411.4738010587882,"(1, 0, 0)","(1, 1, 1, 7)",<statsmodels.tsa.statespace.sarimax.SARIMAXResultsWrapper object at 0x7fbf52c939d0>,0.8688290990533597,3.8195202297120984e-08
1411.7743863213204,"(5, 0, 3)","(0, 1, 1, 7)",<statsmodels.tsa.statespace.sarimax.SARIMAXResultsWrapper object at 0x7fbf32d2c130>,0.9616637081357543,9.316307032664515e-21
1411.8116789185876,"(5, 0, 0)","(0, 1, 0, 7)",<statsmodels.tsa.statespace.sarimax.SARIMAXResultsWrapper object at 0x7fbf86ac4460>,0.3327162730420081,1.33771635447025e-16
1411.858253978105,"(5, 0, 0)","(1, 1, 1, 7)",<statsmodels.tsa.statespace.sarimax.SARIMAXResultsWrapper object at 0x7fbf866f09a0>,0.26891546326815674,1.0853155673598044e-19
1411.8834624149945,"(7, 0, 2)","(0, 1, 1, 7)",<statsmodels.tsa.statespace.sarimax.SARIMAXResultsWrapper object at 0x7fbf4754a3a0>,0.5891941344126299,2.4357305372958375e-19
1411.963674498201,"(7, 0, 3)","(0, 1, 1, 7)",<statsmodels.tsa.statespace.sarimax.SARIMAXResultsWrapper object at 0x7fbf22beba00>,0.9701062186169576,1.5202177047881879e-24
1412.1477833634826,"(1, 0, 2)","(1, 1, 1, 7)",<statsmodels.tsa.statespace.sarimax.SARIMAXResultsWrapper object at 0x7fbf6375a8e0>,0.541918308891741,9.750955235854837e-23
1412.1620137605419,"(1, 0, 3)","(0, 1, 0, 7)",<statsmodels.tsa.statespace.sarimax.SARIMAXResultsWrapper object at 0x7fbf531ec340>,0.40830946309938954,1.5189274046384336e-15
1413.29200030256,"(1, 0, 3)","(1, 1, 1, 7)",<statsmodels.tsa.statespace.sarimax.SARIMAXResultsWrapper object at 0x7fbf63a8e2e0>,0.25309377106598746,1.8009565643635794e-07
1414.0810525260624,"(3, 0, 2)","(0, 1, 0, 7)",<statsmodels.tsa.statespace.sarimax.SARIMAXResultsWrapper object at 0x7fbf64c561f0>,0.3045673450705257,4.898676359173412e-07
1415.1168492238974,"(1, 0, 0)","(0, 1, 0, 7)",<statsmodels.tsa.statespace.sarimax.SARIMAXResultsWrapper object at 0x7fbf4244bc40>,0.1748128490012583,3.6863906537316984e-16
1419.104791547509,"(0, 0, 3)","(0, 1, 1, 7)",<statsmodels.tsa.statespace.sarimax.SARIMAXResultsWrapper object at 0x7fbf932298e0>,0.09239470584755585,1.1411334792214396e-05
1419.4191984401741,"(0, 0, 3)","(0, 1, 0, 7)",<statsmodels.tsa.statespace.sarimax.SARIMAXResultsWrapper object at 0x7fbf612ac2e0>,0.14216372952769968,2.6088392370938896e-10
1419.4514991633853,"(0, 0, 3)","(1, 1, 1, 7)",<statsmodels.tsa.statespace.sarimax.SARIMAXResultsWrapper object at 0x7fbf41251dc0>,0.06198131813344976,0.0002210413565767174
1421.1637207013596,"(0, 0, 3)","(1, 1, 0, 7)",<statsmodels.tsa.statespace.sarimax.SARIMAXResultsWrapper object at 0x7fbf8166ca90>,0.15760742061967145,4.3780809811401436e-11
1424.0185744619848,"(0, 0, 2)","(0, 1, 0, 7)",<statsmodels.tsa.statespace.sarimax.SARIMAXResultsWrapper object at 0x7fbf93084220>,0.04135423272791512,1.0252329021756893e-07
1425.437029145801,"(0, 0, 2)","(0, 1, 1, 7)",<statsmodels.tsa.statespace.sarimax.SARIMAXResultsWrapper object at 0x7fbf70cb0af0>,0.04347713488755705,1.7918275368862085e-05
1426.0007496511714,"(0, 0, 2)","(1, 1, 0, 7)",<statsmodels.tsa.statespace.sarimax.SARIMAXResultsWrapper object at 0x7fbf517ecd30>,0.04293790007645459,8.625561719008016e-08
1426.0595218791152,"(0, 0, 2)","(1, 1, 1, 7)",<statsmodels.tsa.statespace.sarimax.SARIMAXResultsWrapper object at 0x7fbf930f8370>,0.04009924989622236,0.01191296108804761
1430.1097716042518,"(0, 0, 1)","(0, 1, 0, 7)",<statsmodels.tsa.statespace.sarimax.SARIMAXResultsWrapper object at 0x7fbf92fa2a60>,0.01956610915184972,9.201905007997489e-05
1432.0143703919525,"(0, 0, 1)","(1, 1, 0, 7)",<statsmodels.tsa.statespace.sarimax.SARIMAXResultsWrapper object at 0x7fbf80775b80>,0.01977869480116095,0.0001149031027909817
1432.0968788566379,"(0, 0, 1)","(0, 1, 1, 7)",<statsmodels.tsa.statespace.sarimax.SARIMAXResultsWrapper object at 0x7fbf92fc0dc0>,0.01801640575802057,0.00011140503536880689
1433.7814557948034,"(0, 0, 1)","(1, 1, 1, 7)",<statsmodels.tsa.statespace.sarimax.SARIMAXResultsWrapper object at 0x7fbf60e3a1f0>,0.01226716203786947,0.0004518300201274776
1442.9613444605861,"(0, 0, 0)","(1, 1, 0, 7)",<statsmodels.tsa.statespace.sarimax.SARIMAXResultsWrapper object at 0x7fbf92d654c0>,1.0775909231618153e-07,0.15558204408333828
1443.1245996300743,"(0, 0, 0)","(0, 1, 1, 7)",<statsmodels.tsa.statespace.sarimax.SARIMAXResultsWrapper object at 0x7fbf70676160>,1.4728997170406293e-06,0.10663336968343565
1444.1852471510877,"(0, 0, 0)","(1, 1, 1, 7)",<statsmodels.tsa.statespace.sarimax.SARIMAXResultsWrapper object at 0x7fbf92d836d0>,9.162495678159008e-07,0.11898476164084047
1445.2662204974224,"(0, 0, 0)","(0, 1, 0, 7)",<statsmodels.tsa.statespace.sarimax.SARIMAXResultsWrapper object at 0x7fbf4100aa90>,7.2142297764488475e-09,0.3026138395898213
1500.8752191715323,"(5, 2, 2)","(1, 0, 0, 7)",<statsmodels.tsa.statespace.sarimax.SARIMAXResultsWrapper object at 0x7fbf46ef2a00>,0.698203453289486,0.03422529234490143
1501.2419440532913,"(7, 2, 0)","(0, 0, 0, 7)",<statsmodels.tsa.statespace.sarimax.SARIMAXResultsWrapper object at 0x7fbf123cf040>,0.5421645164411413,0.053639527034035406
1502.6691665352337,"(7, 2, 1)","(0, 0, 0, 7)",<statsmodels.tsa.statespace.sarimax.SARIMAXResultsWrapper object at 0x7fbf2333f220>,0.6908927840674693,0.016887946481726413
1502.7459801165435,"(5, 2, 2)","(1, 0, 1, 7)",<statsmodels.tsa.statespace.sarimax.SARIMAXResultsWrapper object at 0x7fbf21e61f10>,0.6998544440779599,0.023176490567411966
1502.9850473826186,"(7, 2, 0)","(0, 0, 1, 7)",<statsmodels.tsa.statespace.sarimax.SARIMAXResultsWrapper object at 0x7fbf014be700>,0.5730381392676398,0.04539106047735187
1503.1499813476848,"(0, 2, 3)","(1, 0, 0, 7)",<statsmodels.tsa.statespace.sarimax.SARIMAXResultsWrapper object at 0x7fbf94914d60>,0.8254444882148368,0.010316362814386477
1503.4336756421014,"(5, 2, 2)","(0, 0, 1, 7)",<statsmodels.tsa.statespace.sarimax.SARIMAXResultsWrapper object at 0x7fbf21c9e340>,0.7370861393562609,0.004743610379909982
1503.9275181460728,"(0, 2, 2)","(1, 0, 0, 7)",<statsmodels.tsa.statespace.sarimax.SARIMAXResultsWrapper object at 0x7fbf94779c70>,0.92918381806417,0.005034777502323943
1504.220273349405,"(1, 2, 2)","(1, 0, 0, 7)",<statsmodels.tsa.statespace.sarimax.SARIMAXResultsWrapper object at 0x7fbf96e2feb0>,0.38653509042784817,0.013789329762825698
1504.3740502523578,"(7, 2, 2)","(0, 0, 0, 7)",<statsmodels.tsa.statespace.sarimax.SARIMAXResultsWrapper object at 0x7fbf12714dc0>,0.6839209790148615,0.02128783911271423
1504.6893135205103,"(7, 2, 1)","(0, 0, 1, 7)",<statsmodels.tsa.statespace.sarimax.SARIMAXResultsWrapper object at 0x7fbf2335fb20>,0.7368914737274974,0.018023503395449357
1504.8504442046474,"(5, 2, 2)","(0, 0, 0, 7)",<statsmodels.tsa.statespace.sarimax.SARIMAXResultsWrapper object at 0x7fbf351eea00>,0.52965526365912,0.026679447980882443
1505.4316712395294,"(5, 2, 1)","(1, 0, 0, 7)",<statsmodels.tsa.statespace.sarimax.SARIMAXResultsWrapper object at 0x7fbf34a7c520>,0.7024888323004694,0.020518703691352388
1505.532319763658,"(0, 2, 2)","(1, 0, 1, 7)",<statsmodels.tsa.statespace.sarimax.SARIMAXResultsWrapper object at 0x7fbf947a30d0>,0.940273776809338,0.00247565155523101
1506.0711598847183,"(1, 2, 3)","(1, 0, 0, 7)",<statsmodels.tsa.statespace.sarimax.SARIMAXResultsWrapper object at 0x7fbf9734b040>,0.9146775341824999,0.007478984517494732
1506.292485850524,"(7, 2, 2)","(0, 0, 1, 7)",<statsmodels.tsa.statespace.sarimax.SARIMAXResultsWrapper object at 0x7fbf12852670>,0.67541331201056,0.018879063938033125
1506.6746372061903,"(5, 2, 1)","(0, 0, 1, 7)",<statsmodels.tsa.statespace.sarimax.SARIMAXResultsWrapper object at 0x7fbf4692f9d0>,0.6018123477227426,0.012006065598769735
1506.7069766734219,"(1, 2, 1)","(1, 0, 0, 7)",<statsmodels.tsa.statespace.sarimax.SARIMAXResultsWrapper object at 0x7fbf74931c40>,0.7619520839211837,0.008004524427459631
1506.721465093958,"(1, 2, 1)","(1, 0, 1, 7)",<statsmodels.tsa.statespace.sarimax.SARIMAXResultsWrapper object at 0x7fbf43bce1f0>,0.809095790998293,0.0046245134616093655
1506.7566049176646,"(3, 2, 3)","(1, 0, 0, 7)",<statsmodels.tsa.statespace.sarimax.SARIMAXResultsWrapper object at 0x7fbf8670dd00>,0.8985071724384581,0.08645340886863159
1506.792163414975,"(5, 2, 3)","(1, 0, 0, 7)",<statsmodels.tsa.statespace.sarimax.SARIMAXResultsWrapper object at 0x7fbf19bb9790>,0.9664250814017918,0.32525569202965243
1506.915600690493,"(0, 2, 3)","(0, 0, 1, 7)",<statsmodels.tsa.statespace.sarimax.SARIMAXResultsWrapper object at 0x7fbf7293b340>,0.44927685000330453,0.3966507912996434
1507.0235806007468,"(3, 2, 2)","(1, 0, 0, 7)",<statsmodels.tsa.statespace.sarimax.SARIMAXResultsWrapper object at 0x7fbf316d5370>,0.8666795329764582,0.0018263293824610802
1507.4244358624364,"(5, 2, 1)","(1, 0, 1, 7)",<statsmodels.tsa.statespace.sarimax.SARIMAXResultsWrapper object at 0x7fbf34a9ad30>,0.6976163243971998,0.02182399145461871
1507.5284179940872,"(1, 2, 2)","(1, 0, 1, 7)",<statsmodels.tsa.statespace.sarimax.SARIMAXResultsWrapper object at 0x7fbf64699130>,0.40894176261124615,0.007421648093726462
1507.8126386443091,"(3, 2, 3)","(1, 0, 1, 7)",<statsmodels.tsa.statespace.sarimax.SARIMAXResultsWrapper object at 0x7fbf8689c9a0>,0.7520219255111689,0.22973119511213552
1507.8564629567688,"(5, 2, 3)","(0, 0, 0, 7)",<statsmodels.tsa.statespace.sarimax.SARIMAXResultsWrapper object at 0x7fbf46ed81c0>,0.6611999980225582,0.09330697795623008
1507.957099123105,"(5, 2, 3)","(1, 0, 1, 7)",<statsmodels.tsa.statespace.sarimax.SARIMAXResultsWrapper object at 0x7fbf19bcb3d0>,0.9376671167851653,0.4013234230225908
1507.9829545896573,"(7, 2, 3)","(0, 0, 0, 7)",<statsmodels.tsa.statespace.sarimax.SARIMAXResultsWrapper object at 0x7fbf12ae14f0>,0.6793955430709668,0.019261050074964713
1508.2176076723745,"(3, 2, 3)","(0, 0, 1, 7)",<statsmodels.tsa.statespace.sarimax.SARIMAXResultsWrapper object at 0x7fbf458d4220>,0.9449931024344214,0.14341571593275604
1508.429997917581,"(5, 2, 3)","(0, 0, 1, 7)",<statsmodels.tsa.statespace.sarimax.SARIMAXResultsWrapper object at 0x7fbf118f61f0>,0.7267532648811259,0.10297281270257394
1508.5732369757836,"(0, 2, 1)","(0, 0, 1, 7)",<statsmodels.tsa.statespace.sarimax.SARIMAXResultsWrapper object at 0x7fbf62b47f70>,0.7192082986562861,0.09195115518335194
1508.6845524962173,"(3, 2, 2)","(1, 0, 1, 7)",<statsmodels.tsa.statespace.sarimax.SARIMAXResultsWrapper object at 0x7fbf316f4a30>,0.8850396159759768,0.0005532552160478778
1509.9424701222274,"(0, 2, 2)","(0, 0, 1, 7)",<statsmodels.tsa.statespace.sarimax.SARIMAXResultsWrapper object at 0x7fbf8288dc70>,0.9862195145760566,0.12091272348212466
1509.9438527121374,"(5, 2, 1)","(0, 0, 0, 7)",<statsmodels.tsa.statespace.sarimax.SARIMAXResultsWrapper object at 0x7fbf19722190>,0.23489786754355968,0.007725659460621515
1510.0123486760492,"(7, 2, 3)","(0, 0, 1, 7)",<statsmodels.tsa.statespace.sarimax.SARIMAXResultsWrapper object at 0x7fbf36c37a90>,0.6858267952147264,0.017191525862290655
1510.2300537443848,"(5, 2, 0)","(1, 0, 0, 7)",<statsmodels.tsa.statespace.sarimax.SARIMAXResultsWrapper object at 0x7fbf3454b8b0>,0.6329013626418784,0.11211373258538784
1511.8408323313558,"(1, 2, 2)","(0, 0, 1, 7)",<statsmodels.tsa.statespace.sarimax.SARIMAXResultsWrapper object at 0x7fbf74ddba30>,0.7230648221740579,0.16110348222891985
1512.0101004354065,"(5, 2, 0)","(1, 0, 1, 7)",<statsmodels.tsa.statespace.sarimax.SARIMAXResultsWrapper object at 0x7fbf3456cd00>,0.558560733871441,0.11696371170848366
1512.4524332531128,"(3, 2, 2)","(0, 0, 1, 7)",<statsmodels.tsa.statespace.sarimax.SARIMAXResultsWrapper object at 0x7fbf315b8e50>,0.8149675490745958,0.05241523897430279
1514.900683491834,"(5, 1, 0)","(0, 0, 1, 7)",<statsmodels.tsa.statespace.sarimax.SARIMAXResultsWrapper object at 0x7fbf20643970>,0.5514792376148426,1.213453359057926e-05
1515.527045146558,"(1, 2, 3)","(1, 0, 1, 7)",<statsmodels.tsa.statespace.sarimax.SARIMAXResultsWrapper object at 0x7fbf9763bc10>,0.9544464897865216,0.1819270780551417
1515.5721716062799,"(5, 2, 0)","(0, 0, 1, 7)",<statsmodels.tsa.statespace.sarimax.SARIMAXResultsWrapper object at 0x7fbf0014f8b0>,0.3177873580988382,0.23549298949781367
1515.72822596624,"(0, 2, 3)","(1, 0, 1, 7)",<statsmodels.tsa.statespace.sarimax.SARIMAXResultsWrapper object at 0x7fbf9493e2e0>,0.9521397107551374,0.5927999486373827
1516.1863215877436,"(1, 2, 3)","(0, 0, 1, 7)",<statsmodels.tsa.statespace.sarimax.SARIMAXResultsWrapper object at 0x7fbf9721b310>,0.7269670458440343,0.3261020497378628
1516.2402038182886,"(1, 1, 0)","(1, 0, 1, 7)",<statsmodels.tsa.statespace.sarimax.SARIMAXResultsWrapper object at 0x7fbf63e4b880>,0.7986623868758137,0.0011603798243162934
1516.4007392233866,"(5, 1, 1)","(0, 0, 1, 7)",<statsmodels.tsa.statespace.sarimax.SARIMAXResultsWrapper object at 0x7fbf461a10d0>,0.8096087800320344,2.6324622509953444e-05
1516.7265854010927,"(7, 1, 0)","(0, 0, 0, 7)",<statsmodels.tsa.statespace.sarimax.SARIMAXResultsWrapper object at 0x7fbf22c16130>,0.512841500485848,6.767271753385887e-07
1516.743014477818,"(3, 1, 2)","(1, 0, 0, 7)",<statsmodels.tsa.statespace.sarimax.SARIMAXResultsWrapper object at 0x7fbf661206d0>,0.40848110052854736,2.490465473112864e-05
1516.8429795459178,"(5, 1, 2)","(1, 0, 1, 7)",<statsmodels.tsa.statespace.sarimax.SARIMAXResultsWrapper object at 0x7fbf18bb1b80>,0.7462334760919395,0.000817881078104616
1516.893781327074,"(5, 1, 3)","(1, 0, 1, 7)",<statsmodels.tsa.statespace.sarimax.SARIMAXResultsWrapper object at 0x7fbf19029ee0>,0.7598332164207733,0.0006210259434158471
1516.900664926692,"(5, 1, 0)","(1, 0, 1, 7)",<statsmodels.tsa.statespace.sarimax.SARIMAXResultsWrapper object at 0x7fbf20860760>,0.5526478502416525,1.2201876831137739e-05
1517.4516409687228,"(3, 1, 2)","(1, 0, 1, 7)",<statsmodels.tsa.statespace.sarimax.SARIMAXResultsWrapper object at 0x7fbf6613fd00>,0.5781121980662903,0.0003165424228480411
1517.4950431720658,"(5, 1, 1)","(1, 0, 1, 7)",<statsmodels.tsa.statespace.sarimax.SARIMAXResultsWrapper object at 0x7fbf87aaad90>,0.7761086706041551,1.8956705384111723e-05
1518.0299385859266,"(5, 1, 3)","(0, 0, 1, 7)",<statsmodels.tsa.statespace.sarimax.SARIMAXResultsWrapper object at 0x7fbf46515580>,0.8401212930813591,0.0001722441460087467
1518.1671011786866,"(7, 1, 0)","(0, 0, 1, 7)",<statsmodels.tsa.statespace.sarimax.SARIMAXResultsWrapper object at 0x7fbf22ff1940>,0.6278554749448835,9.413936096612442e-07
1518.2855449100327,"(7, 1, 1)","(0, 0, 0, 7)",<statsmodels.tsa.statespace.sarimax.SARIMAXResultsWrapper object at 0x7fbf1a517af0>,0.7426386959069176,1.0171871367406533e-06
1518.3983254456539,"(5, 1, 3)","(1, 0, 0, 7)",<statsmodels.tsa.statespace.sarimax.SARIMAXResultsWrapper object at 0x7fbf217b3cd0>,0.5938481772769855,9.424989080972268e-05
1518.555087999126,"(5, 1, 2)","(0, 0, 0, 7)",<statsmodels.tsa.statespace.sarimax.SARIMAXResultsWrapper object at 0x7fbf3382cd00>,0.5764627251978669,2.28342486620731e-06
1518.7941863978685,"(0, 1, 0)","(1, 0, 0, 7)",<statsmodels.tsa.statespace.sarimax.SARIMAXResultsWrapper object at 0x7fbf51b73df0>,0.7891144271277357,0.003275160827103825
1518.8412378244736,"(3, 1, 1)","(1, 0, 0, 7)",<statsmodels.tsa.statespace.sarimax.SARIMAXResultsWrapper object at 0x7fbf859ae880>,0.6529092551836262,7.78210049370635e-06
1519.0044215479775,"(5, 1, 2)","(0, 0, 1, 7)",<statsmodels.tsa.statespace.sarimax.SARIMAXResultsWrapper object at 0x7fbf33918100>,0.8169145431418018,5.620981980458919e-05
1519.205379800934,"(7, 1, 3)","(0, 0, 0, 7)",<statsmodels.tsa.statespace.sarimax.SARIMAXResultsWrapper object at 0x7fbf120a8850>,0.8369441507263852,5.518579289843783e-06
1519.4626526280233,"(5, 1, 1)","(1, 0, 0, 7)",<statsmodels.tsa.statespace.sarimax.SARIMAXResultsWrapper object at 0x7fbf87a89700>,0.5996698332724701,7.70278212289096e-06
1519.5938506679886,"(5, 1, 0)","(1, 0, 0, 7)",<statsmodels.tsa.statespace.sarimax.SARIMAXResultsWrapper object at 0x7fbf1039be20>,0.32893293290728615,4.348132616404148e-06
1519.8887139390458,"(7, 1, 2)","(0, 0, 0, 7)",<statsmodels.tsa.statespace.sarimax.SARIMAXResultsWrapper object at 0x7fbf364b9c70>,0.6629660918629005,1.0445907448537434e-06
1519.8950870478725,"(7, 1, 1)","(0, 0, 1, 7)",<statsmodels.tsa.statespace.sarimax.SARIMAXResultsWrapper object at 0x7fbf23169e50>,0.7626069313451826,1.0617124180092994e-06
1520.2081140202918,"(3, 1, 2)","(0, 0, 1, 7)",<statsmodels.tsa.statespace.sarimax.SARIMAXResultsWrapper object at 0x7fbf55f023a0>,0.9480889885976438,0.013029185132927936
1520.367758584352,"(1, 1, 1)","(1, 0, 0, 7)",<statsmodels.tsa.statespace.sarimax.SARIMAXResultsWrapper object at 0x7fbf42fa71c0>,0.5522456004433084,0.0027129495359042182
1520.3898560413813,"(5, 1, 2)","(1, 0, 0, 7)",<statsmodels.tsa.statespace.sarimax.SARIMAXResultsWrapper object at 0x7fbf33b33d90>,0.5532843670918929,9.322150420765962e-07
1520.5225239303165,"(1, 1, 0)","(1, 0, 0, 7)",<statsmodels.tsa.statespace.sarimax.SARIMAXResultsWrapper object at 0x7fbf95515340>,0.7016490873098284,0.0015221497952326178
1520.693347057739,"(5, 1, 3)","(0, 0, 0, 7)",<statsmodels.tsa.statespace.sarimax.SARIMAXResultsWrapper object at 0x7fbf33e4c250>,0.7823539374089064,0.00027381957488268135
1520.7405051698827,"(0, 1, 0)","(1, 0, 1, 7)",<statsmodels.tsa.statespace.sarimax.SARIMAXResultsWrapper object at 0x7fbf51b99490>,0.7343418252121752,0.00402733528481733
1520.7732506879793,"(3, 1, 1)","(1, 0, 1, 7)",<statsmodels.tsa.statespace.sarimax.SARIMAXResultsWrapper object at 0x7fbf859cdbb0>,0.6818476610678172,1.2197096600648533e-05
1520.8514330710016,"(3, 2, 1)","(1, 0, 0, 7)",<statsmodels.tsa.statespace.sarimax.SARIMAXResultsWrapper object at 0x7fbf4541e520>,0.8571040659749362,0.16056797671135012
1521.3373521833325,"(3, 2, 1)","(0, 0, 1, 7)",<statsmodels.tsa.statespace.sarimax.SARIMAXResultsWrapper object at 0x7fbf56c57520>,0.9390157869603815,0.12313974852821227
1521.6564997016324,"(0, 1, 1)","(1, 0, 0, 7)",<statsmodels.tsa.statespace.sarimax.SARIMAXResultsWrapper object at 0x7fbf61f97d00>,0.9423865535166112,0.003933915872867628
1521.6936849107535,"(7, 1, 3)","(0, 0, 1, 7)",<statsmodels.tsa.statespace.sarimax.SARIMAXResultsWrapper object at 0x7fbf014ddee0>,0.9880778171382572,0.00011594171344649244
1521.8950412427268,"(0, 2, 1)","(1, 0, 0, 7)",<statsmodels.tsa.statespace.sarimax.SARIMAXResultsWrapper object at 0x7fbf721a9fd0>,0.5540680471049166,0.45413357533912424
1522.0248484781437,"(1, 1, 3)","(0, 0, 1, 7)",<statsmodels.tsa.statespace.sarimax.SARIMAXResultsWrapper object at 0x7fbf431d8ee0>,0.7876760890296779,7.120104062999345e-05
1522.2231729168495,"(3, 2, 1)","(1, 0, 1, 7)",<statsmodels.tsa.statespace.sarimax.SARIMAXResultsWrapper object at 0x7fbf4543f700>,0.8709545259945267,0.16496269782319772
1522.34713328502,"(1, 1, 1)","(1, 0, 1, 7)",<statsmodels.tsa.statespace.sarimax.SARIMAXResultsWrapper object at 0x7fbf42fbfbb0>,0.5911729885750457,0.0023462179196805043
1522.4375647546506,"(7, 1, 2)","(0, 0, 1, 7)",<statsmodels.tsa.statespace.sarimax.SARIMAXResultsWrapper object at 0x7fbf364e02b0>,0.6565936224444446,1.8353691355419184e-05
1522.6325483294222,"(3, 2, 0)","(1, 0, 0, 7)",<statsmodels.tsa.statespace.sarimax.SARIMAXResultsWrapper object at 0x7fbf6663d4c0>,0.732158696497455,0.19144317775140315
1522.6425173601172,"(0, 2, 1)","(1, 0, 1, 7)",<statsmodels.tsa.statespace.sarimax.SARIMAXResultsWrapper object at 0x7fbf721d0400>,0.5854010914733571,0.3613784648628486
1522.7028646593212,"(0, 1, 0)","(0, 0, 1, 7)",<statsmodels.tsa.statespace.sarimax.SARIMAXResultsWrapper object at 0x7fbf61bcfdf0>,0.7285967453165313,0.06479462210571837
1522.743141122915,"(3, 1, 0)","(1, 0, 0, 7)",<statsmodels.tsa.statespace.sarimax.SARIMAXResultsWrapper object at 0x7fbf8572b7f0>,0.36695231733752776,0.00012130601670485846
1522.7555009368868,"(0, 2, 1)","(0, 0, 0, 7)",<statsmodels.tsa.statespace.sarimax.SARIMAXResultsWrapper object at 0x7fbf62b2aa90>,0.5844482384536466,0.4389112283530223
1522.871038049604,"(1, 2, 1)","(0, 0, 1, 7)",<statsmodels.tsa.statespace.sarimax.SARIMAXResultsWrapper object at 0x7fbf43af2d00>,0.8332514616137146,0.3071887844218569
1523.0181589401554,"(3, 1, 3)","(0, 0, 1, 7)",<statsmodels.tsa.statespace.sarimax.SARIMAXResultsWrapper object at 0x7fbf7617c310>,0.32874084916385404,0.04103205472586072
1523.0313625006436,"(0, 1, 1)","(1, 0, 1, 7)",<statsmodels.tsa.statespace.sarimax.SARIMAXResultsWrapper object at 0x7fbf61fc01c0>,0.8525077307700497,0.004871393521677125
1523.1561165953347,"(5, 1, 0)","(0, 0, 0, 7)",<statsmodels.tsa.statespace.sarimax.SARIMAXResultsWrapper object at 0x7fbf20627040>,0.8944022039222707,9.791963860673364e-05
1523.3514565152818,"(3, 1, 0)","(1, 0, 1, 7)",<statsmodels.tsa.statespace.sarimax.SARIMAXResultsWrapper object at 0x7fbf449907c0>,0.5633336312942819,0.0004380011111888942
1523.5800890247351,"(3, 1, 0)","(0, 0, 1, 7)",<statsmodels.tsa.statespace.sarimax.SARIMAXResultsWrapper object at 0x7fbf75baf4f0>,0.9579861616026129,0.0042457924276578735
1523.98886188168,"(1, 1, 3)","(1, 0, 1, 7)",<statsmodels.tsa.statespace.sarimax.SARIMAXResultsWrapper object at 0x7fbf962eaaf0>,0.8261095186945528,6.691600171682131e-05
1524.0202985528194,"(0, 1, 1)","(0, 0, 1, 7)",<statsmodels.tsa.statespace.sarimax.SARIMAXResultsWrapper object at 0x7fbf61c1dd00>,0.8571098070791985,0.03989431023179985
1524.0212888560475,"(3, 2, 3)","(0, 0, 0, 7)",<statsmodels.tsa.statespace.sarimax.SARIMAXResultsWrapper object at 0x7fbf458a9910>,0.8881465485394414,0.42643491222560015
1524.1263295679123,"(0, 2, 2)","(0, 0, 0, 7)",<statsmodels.tsa.statespace.sarimax.SARIMAXResultsWrapper object at 0x7fbf72335280>,0.7063591836405526,0.7181269216471995
1524.1613035060823,"(0, 2, 3)","(0, 0, 0, 7)",<statsmodels.tsa.statespace.sarimax.SARIMAXResultsWrapper object at 0x7fbf7293b490>,0.38812166798862213,0.8600398025881228
1524.3927772841234,"(3, 1, 1)","(0, 0, 1, 7)",<statsmodels.tsa.statespace.sarimax.SARIMAXResultsWrapper object at 0x7fbf44d054c0>,0.7184476113140207,0.0033821763137341265
1524.4898030241163,"(3, 2, 0)","(1, 0, 1, 7)",<statsmodels.tsa.statespace.sarimax.SARIMAXResultsWrapper object at 0x7fbf4508c430>,0.7481350942253657,0.20463265913356873
1524.7413883616741,"(1, 2, 2)","(0, 0, 0, 7)",<statsmodels.tsa.statespace.sarimax.SARIMAXResultsWrapper object at 0x7fbf436bed60>,0.599664845972882,0.7261098331650928
1524.7517206977686,"(1, 1, 0)","(0, 0, 1, 7)",<statsmodels.tsa.statespace.sarimax.SARIMAXResultsWrapper object at 0x7fbf42d73f40>,0.9750775549165214,0.051201069311150725
1524.782481481754,"(3, 1, 3)","(1, 0, 1, 7)",<statsmodels.tsa.statespace.sarimax.SARIMAXResultsWrapper object at 0x7fbf86105d60>,0.38953330399290187,0.035068863556698436
1525.1286279316532,"(3, 2, 2)","(0, 0, 0, 7)",<statsmodels.tsa.statespace.sarimax.SARIMAXResultsWrapper object at 0x7fbf56e3a280>,0.6883245876570736,0.1828324416018526
1525.193413802423,"(5, 1, 1)","(0, 0, 0, 7)",<statsmodels.tsa.statespace.sarimax.SARIMAXResultsWrapper object at 0x7fbf46176460>,0.8056346282259326,9.302970460074237e-05
1525.7501599126408,"(1, 1, 1)","(0, 0, 1, 7)",<statsmodels.tsa.statespace.sarimax.SARIMAXResultsWrapper object at 0x7fbf958f6fd0>,0.5237803582985214,0.07952782107780954
1525.772686786002,"(3, 1, 3)","(1, 0, 0, 7)",<statsmodels.tsa.statespace.sarimax.SARIMAXResultsWrapper object at 0x7fbf761998e0>,0.8395111926629361,0.0028897113597833642
1526.128438802725,"(0, 1, 2)","(0, 0, 1, 7)",<statsmodels.tsa.statespace.sarimax.SARIMAXResultsWrapper object at 0x7fbf81885970>,0.9129940375314658,0.008517908232448041
1526.958236066848,"(1, 2, 1)","(0, 0, 0, 7)",<statsmodels.tsa.statespace.sarimax.SARIMAXResultsWrapper object at 0x7fbf436e3490>,0.9304539279745293,0.5957900540625931
1527.0438157127742,"(1, 1, 3)","(1, 0, 0, 7)",<statsmodels.tsa.statespace.sarimax.SARIMAXResultsWrapper object at 0x7fbf83f1e730>,0.9844593992261952,0.0024856954503283024
1527.6117134219642,"(1, 1, 2)","(1, 0, 1, 7)",<statsmodels.tsa.statespace.sarimax.SARIMAXResultsWrapper object at 0x7fbf43095700>,0.9757669545486053,0.01519053391029007
1527.6593863263893,"(1, 1, 2)","(0, 0, 1, 7)",<statsmodels.tsa.statespace.sarimax.SARIMAXResultsWrapper object at 0x7fbf53b37310>,0.8325175304468438,0.04037156283628862
1528.1009370132997,"(0, 1, 2)","(1, 0, 1, 7)",<statsmodels.tsa.statespace.sarimax.SARIMAXResultsWrapper object at 0x7fbf6208fd60>,0.8756662198865177,0.007999253570801815
1528.1054810457545,"(1, 2, 3)","(0, 0, 0, 7)",<statsmodels.tsa.statespace.sarimax.SARIMAXResultsWrapper object at 0x7fbf971fb040>,0.7139588534690344,0.7097670875899562
1528.7784024729056,"(1, 1, 2)","(1, 0, 0, 7)",<statsmodels.tsa.statespace.sarimax.SARIMAXResultsWrapper object at 0x7fbf4307b130>,0.9471710106011489,0.013003627195039282
1529.7243030043246,"(3, 2, 0)","(0, 0, 1, 7)",<statsmodels.tsa.statespace.sarimax.SARIMAXResultsWrapper object at 0x7fbf7657d3a0>,0.770383043312199,0.6913447431438731
1529.7689351463596,"(5, 2, 0)","(0, 0, 0, 7)",<statsmodels.tsa.statespace.sarimax.SARIMAXResultsWrapper object at 0x7fbf00133100>,0.015042221076003585,0.509255952628419
1529.826705918568,"(0, 1, 3)","(0, 0, 1, 7)",<statsmodels.tsa.statespace.sarimax.SARIMAXResultsWrapper object at 0x7fbf71c0fb20>,0.9973272258809295,0.011652074630939344
1530.864882437752,"(0, 1, 3)","(1, 0, 1, 7)",<statsmodels.tsa.statespace.sarimax.SARIMAXResultsWrapper object at 0x7fbf52139550>,0.9714798648404944,0.005103818308022291
1532.3762370144188,"(0, 1, 2)","(1, 0, 0, 7)",<statsmodels.tsa.statespace.sarimax.SARIMAXResultsWrapper object at 0x7fbf621cdf40>,0.8708077378009667,0.03484731397736918
1533.5367766541854,"(3, 2, 1)","(0, 0, 0, 7)",<statsmodels.tsa.statespace.sarimax.SARIMAXResultsWrapper object at 0x7fbf76671ee0>,0.973372495977835,0.16875542237486965
1533.9823039431617,"(3, 1, 3)","(0, 0, 0, 7)",<statsmodels.tsa.statespace.sarimax.SARIMAXResultsWrapper object at 0x7fbf661f2fa0>,0.2890290654802168,0.23162579799039476
1535.5135561060365,"(0, 1, 3)","(1, 0, 0, 7)",<statsmodels.tsa.statespace.sarimax.SARIMAXResultsWrapper object at 0x7fbf71e0af70>,0.9959563919899896,0.09023159814463708
1536.6584205283093,"(3, 1, 1)","(0, 0, 0, 7)",<statsmodels.tsa.statespace.sarimax.SARIMAXResultsWrapper object at 0x7fbf44bd0670>,0.8103342630820071,0.013077876573601094
1537.2209297747515,"(3, 1, 0)","(0, 0, 0, 7)",<statsmodels.tsa.statespace.sarimax.SARIMAXResultsWrapper object at 0x7fbf55ba8fd0>,0.8693812178757634,0.022845821563924854
1537.8343495225017,"(1, 2, 0)","(1, 0, 0, 7)",<statsmodels.tsa.statespace.sarimax.SARIMAXResultsWrapper object at 0x7fbf96893bb0>,0.08447318944178589,0.9299568605988703
1538.036234241917,"(0, 1, 0)","(0, 0, 0, 7)",<statsmodels.tsa.statespace.sarimax.SARIMAXResultsWrapper object at 0x7fbf61bb1340>,0.5911389697251217,0.4241012054868081
1539.447596020593,"(5, 0, 3)","(1, 0, 1, 7)",<statsmodels.tsa.statespace.sarimax.SARIMAXResultsWrapper object at 0x7fbf873faf40>,0.8321466358565232,2.6040813850237805e-163
1539.5952007198607,"(1, 2, 0)","(1, 0, 1, 7)",<statsmodels.tsa.statespace.sarimax.SARIMAXResultsWrapper object at 0x7fbf5444e100>,0.0862452785836408,0.8822366744896857
1539.6623584375839,"(0, 1, 1)","(0, 0, 0, 7)",<statsmodels.tsa.statespace.sarimax.SARIMAXResultsWrapper object at 0x7fbf51b99520>,0.7856168736581437,0.6314344571199988
1539.77268615892,"(1, 1, 0)","(0, 0, 0, 7)",<statsmodels.tsa.statespace.sarimax.SARIMAXResultsWrapper object at 0x7fbf63aac8b0>,0.8715060684843132,0.5207815688447806
1539.7988214352342,"(1, 1, 1)","(0, 0, 0, 7)",<statsmodels.tsa.statespace.sarimax.SARIMAXResultsWrapper object at 0x7fbf958d87c0>,0.6465233963237027,0.5637183931753795
1540.766512226177,"(3, 0, 2)","(1, 0, 0, 7)",<statsmodels.tsa.statespace.sarimax.SARIMAXResultsWrapper object at 0x7fbf64d75f70>,0.9763250994668851,1.9621247376549754e-58
1541.418555027375,"(1, 1, 3)","(0, 0, 0, 7)",<statsmodels.tsa.statespace.sarimax.SARIMAXResultsWrapper object at 0x7fbf431ba6a0>,0.5668682671352694,0.01045020000468707
1541.5324437272525,"(3, 1, 2)","(0, 0, 0, 7)",<statsmodels.tsa.statespace.sarimax.SARIMAXResultsWrapper object at 0x7fbf55edce80>,0.9269266611613538,0.16262165665091666
1542.4303432032823,"(1, 2, 0)","(0, 0, 1, 7)",<statsmodels.tsa.statespace.sarimax.SARIMAXResultsWrapper object at 0x7fbf433adfd0>,0.13178436203921343,0.7305376056808024
1543.3411085904447,"(5, 0, 2)","(1, 0, 0, 7)",<statsmodels.tsa.statespace.sarimax.SARIMAXResultsWrapper object at 0x7fbf3263c9d0>,0.6613923642248961,9.314960063428521e-252
1543.5605511852334,"(1, 0, 0)","(0, 0, 1, 7)",<statsmodels.tsa.statespace.sarimax.SARIMAXResultsWrapper object at 0x7fbf52a0d820>,0.9303382421166334,1.3496755489260651e-06
1543.5917237035576,"(0, 1, 2)","(0, 0, 0, 7)",<statsmodels.tsa.statespace.sarimax.SARIMAXResultsWrapper object at 0x7fbf620724f0>,0.960178066194055,0.16676417189760437
1544.1266620892782,"(1, 0, 0)","(1, 0, 0, 7)",<statsmodels.tsa.statespace.sarimax.SARIMAXResultsWrapper object at 0x7fbf82fb7a30>,0.565031974924742,2.208777454868892e-126
1544.1920706007922,"(5, 0, 3)","(1, 0, 0, 7)",<statsmodels.tsa.statespace.sarimax.SARIMAXResultsWrapper object at 0x7fbf873de970>,0.8183414676051195,2.7540415286067292e-216
1544.338146954487,"(1, 1, 2)","(0, 0, 0, 7)",<statsmodels.tsa.statespace.sarimax.SARIMAXResultsWrapper object at 0x7fbf5381d370>,0.7669398132677584,0.6753605513767945
1544.9747283350548,"(1, 0, 0)","(1, 0, 1, 7)",<statsmodels.tsa.statespace.sarimax.SARIMAXResultsWrapper object at 0x7fbf82fd6e20>,0.7353150541317024,1.1904790382451194e-53
1545.0454029997002,"(3, 0, 1)","(1, 0, 0, 7)",<statsmodels.tsa.statespace.sarimax.SARIMAXResultsWrapper object at 0x7fbf554258e0>,0.6510502326272255,1.6867911980956946e-79
1545.4726401277546,"(3, 2, 0)","(0, 0, 0, 7)",<statsmodels.tsa.statespace.sarimax.SARIMAXResultsWrapper object at 0x7fbf664c9d30>,0.7978361998055573,0.6894034225931405
1546.400867274655,"(3, 0, 3)","(1, 0, 0, 7)",<statsmodels.tsa.statespace.sarimax.SARIMAXResultsWrapper object at 0x7fbf97edfa00>,0.9282951148400819,0.0
1546.675973249199,"(5, 0, 3)","(0, 0, 1, 7)",<statsmodels.tsa.statespace.sarimax.SARIMAXResultsWrapper object at 0x7fbf181ec520>,0.9644297478744766,4.10419958855639e-17
1546.7960921010394,"(3, 0, 1)","(1, 0, 1, 7)",<statsmodels.tsa.statespace.sarimax.SARIMAXResultsWrapper object at 0x7fbf7565f3a0>,0.7323425082864388,1.9401605301590036e-72
1546.8819964210281,"(0, 1, 3)","(0, 0, 0, 7)",<statsmodels.tsa.statespace.sarimax.SARIMAXResultsWrapper object at 0x7fbf51ea7610>,0.8334585013925624,0.22897096225225247
1547.9391497977592,"(3, 0, 3)","(1, 0, 1, 7)",<statsmodels.tsa.statespace.sarimax.SARIMAXResultsWrapper object at 0x7fbf44706c10>,0.9081926144821739,0.0
1548.235975576804,"(3, 0, 2)","(1, 0, 1, 7)",<statsmodels.tsa.statespace.sarimax.SARIMAXResultsWrapper object at 0x7fbf64d75df0>,0.7738048104217041,0.0
1548.2554050441966,"(1, 0, 1)","(1, 0, 0, 7)",<statsmodels.tsa.statespace.sarimax.SARIMAXResultsWrapper object at 0x7fbf52fa9820>,0.9165779562497144,2.4522772146703975e-97
1548.4578181133786,"(1, 0, 1)","(1, 0, 1, 7)",<statsmodels.tsa.statespace.sarimax.SARIMAXResultsWrapper object at 0x7fbf52fc7b20>,0.8991376818193637,2.3803710028369614e-50
1548.904584484745,"(7, 0, 3)","(0, 0, 1, 7)",<statsmodels.tsa.statespace.sarimax.SARIMAXResultsWrapper object at 0x7fbf362dee50>,0.9905175575403872,6.384984522325729e-46
1548.945420683272,"(0, 2, 0)","(1, 0, 0, 7)",<statsmodels.tsa.statespace.sarimax.SARIMAXResultsWrapper object at 0x7fbf94399c40>,0.0001507167508813776,0.30597450005252674
1549.3523388266537,"(1, 0, 1)","(0, 0, 1, 7)",<statsmodels.tsa.statespace.sarimax.SARIMAXResultsWrapper object at 0x7fbf52d77910>,0.9500149290200248,9.471930105771595e-12
1549.6518955368217,"(3, 0, 0)","(1, 0, 1, 7)",<statsmodels.tsa.statespace.sarimax.SARIMAXResultsWrapper object at 0x7fbf441378b0>,0.45426677703294094,7.187347775654659e-80
1550.140570992599,"(3, 0, 0)","(0, 0, 1, 7)",<statsmodels.tsa.statespace.sarimax.SARIMAXResultsWrapper object at 0x7fbf64a0d1c0>,0.6481179785117093,1.5193732140272343e-23
1550.438583956862,"(0, 2, 0)","(1, 0, 1, 7)",<statsmodels.tsa.statespace.sarimax.SARIMAXResultsWrapper object at 0x7fbf94399760>,0.0001446128130001182,0.17870847704384135
1551.321891221618,"(3, 0, 1)","(0, 0, 1, 7)",<statsmodels.tsa.statespace.sarimax.SARIMAXResultsWrapper object at 0x7fbf97bd0fa0>,0.8687289617943912,2.0415297001871047e-18
1551.9171843380348,"(1, 0, 2)","(1, 0, 1, 7)",<statsmodels.tsa.statespace.sarimax.SARIMAXResultsWrapper object at 0x7fbf739f5c10>,0.8373197792352096,2.1342237633145178e-47
1551.9517638125824,"(0, 2, 0)","(0, 0, 1, 7)",<statsmodels.tsa.statespace.sarimax.SARIMAXResultsWrapper object at 0x7fbf41983e80>,0.0005524637532216867,0.26192124382299314
1552.0626551000673,"(1, 0, 2)","(0, 0, 1, 7)",<statsmodels.tsa.statespace.sarimax.SARIMAXResultsWrapper object at 0x7fbf94d97670>,0.957445698078958,1.0819687585429893e-20
1552.0897427712957,"(3, 0, 0)","(1, 0, 0, 7)",<statsmodels.tsa.statespace.sarimax.SARIMAXResultsWrapper object at 0x7fbf54fdbbb0>,0.34321769081994635,9.202641782919247e-187
1552.6984775169801,"(5, 0, 1)","(1, 0, 1, 7)",<statsmodels.tsa.statespace.sarimax.SARIMAXResultsWrapper object at 0x7fbf323a1e50>,0.595206887949189,0.0
1553.1013812479214,"(5, 0, 1)","(1, 0, 0, 7)",<statsmodels.tsa.statespace.sarimax.SARIMAXResultsWrapper object at 0x7fbf779249a0>,0.5787100397084552,0.0
1553.4542652986763,"(1, 0, 2)","(1, 0, 0, 7)",<statsmodels.tsa.statespace.sarimax.SARIMAXResultsWrapper object at 0x7fbf53177640>,0.8397418451141765,3.117180115341641e-85
1554.7238028037775,"(1, 0, 3)","(0, 0, 1, 7)",<statsmodels.tsa.statespace.sarimax.SARIMAXResultsWrapper object at 0x7fbf531c5df0>,0.837990253373897,5.277512951383739e-08
1556.2737063532134,"(5, 0, 2)","(0, 0, 1, 7)",<statsmodels.tsa.statespace.sarimax.SARIMAXResultsWrapper object at 0x7fbf67d82880>,0.6457829260475598,4.62630099881602e-140
1556.3960872379068,"(1, 2, 0)","(0, 0, 0, 7)",<statsmodels.tsa.statespace.sarimax.SARIMAXResultsWrapper object at 0x7fbf96779ca0>,0.29000541088265186,0.10031832787639543
1556.6683039890984,"(7, 0, 2)","(0, 0, 1, 7)",<statsmodels.tsa.statespace.sarimax.SARIMAXResultsWrapper object at 0x7fbf22ae7310>,0.829745690274479,3.421710924548816e-234
1557.2178737888476,"(3, 0, 3)","(0, 0, 1, 7)",<statsmodels.tsa.statespace.sarimax.SARIMAXResultsWrapper object at 0x7fbf75aa5700>,0.9626316600661176,9.590758723167321e-85
1557.5349914943313,"(3, 0, 2)","(0, 0, 1, 7)",<statsmodels.tsa.statespace.sarimax.SARIMAXResultsWrapper object at 0x7fbf64c30be0>,0.8302684847093754,2.2114476071957608e-63
1558.2662935668152,"(5, 0, 2)","(1, 0, 1, 7)",<statsmodels.tsa.statespace.sarimax.SARIMAXResultsWrapper object at 0x7fbf100e4e50>,0.654216831679894,4.0169505925628195e-133
1559.488467308861,"(5, 0, 0)","(1, 0, 1, 7)",<statsmodels.tsa.statespace.sarimax.SARIMAXResultsWrapper object at 0x7fbf459c8760>,0.4609449017091535,1.0480987031756852e-188
1561.0962622247434,"(1, 0, 3)","(1, 0, 1, 7)",<statsmodels.tsa.statespace.sarimax.SARIMAXResultsWrapper object at 0x7fbf836a77f0>,0.8287288999209557,0.0
1561.1374333776416,"(1, 0, 3)","(1, 0, 0, 7)",<statsmodels.tsa.statespace.sarimax.SARIMAXResultsWrapper object at 0x7fbf95234b20>,0.7426644993796981,0.0
1561.5284073596915,"(5, 0, 1)","(0, 0, 1, 7)",<statsmodels.tsa.statespace.sarimax.SARIMAXResultsWrapper object at 0x7fbf57c92a30>,0.8378371876543107,0.0
1561.6644774025658,"(0, 2, 0)","(0, 0, 0, 7)",<statsmodels.tsa.statespace.sarimax.SARIMAXResultsWrapper object at 0x7fbf941176a0>,0.006174625665958118,0.01162917684005883
1562.834732836959,"(7, 0, 1)","(0, 0, 1, 7)",<statsmodels.tsa.statespace.sarimax.SARIMAXResultsWrapper object at 0x7fbf471f80d0>,0.6834523383342841,0.0
1564.4239572738213,"(3, 0, 2)","(0, 0, 0, 7)",<statsmodels.tsa.statespace.sarimax.SARIMAXResultsWrapper object at 0x7fbf555bd6d0>,0.9526691750282377,0.012712696414758147
1566.2618070113379,"(1, 0, 0)","(0, 0, 0, 7)",<statsmodels.tsa.statespace.sarimax.SARIMAXResultsWrapper object at 0x7fbf529f4310>,0.3222161319959636,0.00010869586020418839
1567.4789616333062,"(1, 0, 1)","(0, 0, 0, 7)",<statsmodels.tsa.statespace.sarimax.SARIMAXResultsWrapper object at 0x7fbf52d5d2e0>,0.9216152798757314,0.0008422420249828455
1568.338772508542,"(7, 0, 0)","(0, 0, 1, 7)",<statsmodels.tsa.statespace.sarimax.SARIMAXResultsWrapper object at 0x7fbf00e4c790>,0.1476952255121509,3.131791345294974e-50
1569.1069543594404,"(3, 0, 1)","(0, 0, 0, 7)",<statsmodels.tsa.statespace.sarimax.SARIMAXResultsWrapper object at 0x7fbf97bb17f0>,0.8648665096398854,0.012295368998335025
1569.2294819668814,"(5, 0, 0)","(0, 0, 1, 7)",<statsmodels.tsa.statespace.sarimax.SARIMAXResultsWrapper object at 0x7fbf86a9fe80>,0.4269927041910092,3.0767142399288085e-13
1569.6645501450719,"(5, 0, 0)","(1, 0, 0, 7)",<statsmodels.tsa.statespace.sarimax.SARIMAXResultsWrapper object at 0x7fbf321a4df0>,0.2030341401636248,2.0197792837207807e-186
1569.708422504161,"(7, 0, 2)","(0, 0, 0, 7)",<statsmodels.tsa.statespace.sarimax.SARIMAXResultsWrapper object at 0x7fbf22abeb80>,0.7778380591141932,2.1687087565392102e-21
1569.7735181215019,"(7, 0, 3)","(0, 0, 0, 7)",<statsmodels.tsa.statespace.sarimax.SARIMAXResultsWrapper object at 0x7fbf47568940>,0.726928271320044,4.916696461246357e-160
1569.9784714657246,"(5, 0, 2)","(0, 0, 0, 7)",<statsmodels.tsa.statespace.sarimax.SARIMAXResultsWrapper object at 0x7fbf67d69250>,0.8762711771101658,9.789529984813455e-06
1571.5490948102417,"(3, 0, 0)","(0, 0, 0, 7)",<statsmodels.tsa.statespace.sarimax.SARIMAXResultsWrapper object at 0x7fbf649e3b20>,0.6136442736926202,6.45623330467202e-13
1572.1408492040168,"(3, 0, 3)","(0, 0, 0, 7)",<statsmodels.tsa.statespace.sarimax.SARIMAXResultsWrapper object at 0x7fbf651820d0>,0.9524096732675382,7.566956103154157e-110
1573.7065078181777,"(1, 0, 3)","(0, 0, 0, 7)",<statsmodels.tsa.statespace.sarimax.SARIMAXResultsWrapper object at 0x7fbf637792b0>,0.48532756079213624,0.9542012208651627
1573.9945432138816,"(1, 0, 2)","(0, 0, 0, 7)",<statsmodels.tsa.statespace.sarimax.SARIMAXResultsWrapper object at 0x7fbf94d71c10>,0.9557453590680851,2.0069948154515947e-07
1575.8581069831375,"(5, 0, 1)","(0, 0, 0, 7)",<statsmodels.tsa.statespace.sarimax.SARIMAXResultsWrapper object at 0x7fbf32230100>,0.922134464306359,4.500815477925561e-08
1587.9426044560953,"(5, 0, 0)","(0, 0, 0, 7)",<statsmodels.tsa.statespace.sarimax.SARIMAXResultsWrapper object at 0x7fbf31f23820>,0.37868187028728106,7.649112571785035e-23
1592.1699512235828,"(5, 0, 3)","(0, 0, 0, 7)",<statsmodels.tsa.statespace.sarimax.SARIMAXResultsWrapper object at 0x7fbf181d2310>,0.7971204838107145,3.354736938805751e-64
1604.0786135814528,"(0, 0, 1)","(0, 0, 1, 7)",<statsmodels.tsa.statespace.sarimax.SARIMAXResultsWrapper object at 0x7fbf5144d130>,1.8497978934242244e-05,0.4166961946915475
1614.2425636389435,"(0, 0, 1)","(1, 0, 0, 7)",<statsmodels.tsa.statespace.sarimax.SARIMAXResultsWrapper object at 0x7fbf92fa2880>,1.7596593820907705e-06,0.0023847236226382765
1622.0989853201552,"(7, 0, 0)","(0, 0, 0, 7)",<statsmodels.tsa.statespace.sarimax.SARIMAXResultsWrapper object at 0x7fbf00e29e50>,0.8713669623484419,5.399519002852231e-183
1628.2083158282098,"(0, 0, 3)","(0, 0, 1, 7)",<statsmodels.tsa.statespace.sarimax.SARIMAXResultsWrapper object at 0x7fbf61286fd0>,0.088470321521307,0.16785111154668172
1628.879506288369,"(0, 0, 3)","(1, 0, 0, 7)",<statsmodels.tsa.statespace.sarimax.SARIMAXResultsWrapper object at 0x7fbf9324adf0>,0.09285443815085834,8.924072230324093e-21
1631.1606412549081,"(0, 0, 3)","(1, 0, 1, 7)",<statsmodels.tsa.statespace.sarimax.SARIMAXResultsWrapper object at 0x7fbf93229760>,0.0019921301255569814,0.41388331916992616
1631.826156400868,"(0, 0, 3)","(0, 0, 0, 7)",<statsmodels.tsa.statespace.sarimax.SARIMAXResultsWrapper object at 0x7fbf93117790>,0.3467603740861943,0.8585026364003657
1633.7646449464794,"(0, 0, 1)","(0, 0, 0, 7)",<statsmodels.tsa.statespace.sarimax.SARIMAXResultsWrapper object at 0x7fbf51429dc0>,5.800642339715084e-07,0.35155915065222554
1636.8263944368264,"(0, 0, 2)","(0, 0, 1, 7)",<statsmodels.tsa.statespace.sarimax.SARIMAXResultsWrapper object at 0x7fbf9305fee0>,0.052948526742459326,0.4319309725122459
1637.4788273999282,"(0, 0, 2)","(1, 0, 0, 7)",<statsmodels.tsa.statespace.sarimax.SARIMAXResultsWrapper object at 0x7fbf70cd0fa0>,0.025893045964622528,6.931304139603377e-06
1638.7260046963152,"(0, 0, 2)","(1, 0, 1, 7)",<statsmodels.tsa.statespace.sarimax.SARIMAXResultsWrapper object at 0x7fbf70cb08e0>,0.041175817193521154,0.5463903980402871
1639.622965454145,"(0, 0, 2)","(0, 0, 0, 7)",<statsmodels.tsa.statespace.sarimax.SARIMAXResultsWrapper object at 0x7fbf60e5c610>,0.02444222521351489,0.8377370549635507
1657.6434789944483,"(0, 0, 1)","(1, 0, 1, 7)",<statsmodels.tsa.statespace.sarimax.SARIMAXResultsWrapper object at 0x7fbf8073f970>,5.6476789828118906e-08,0.23698350829763196
1665.331997995093,"(0, 0, 0)","(1, 0, 1, 7)",<statsmodels.tsa.statespace.sarimax.SARIMAXResultsWrapper object at 0x7fbf706761f0>,1.4149203829604373e-13,0.0037655344050391212
1669.2172240248042,"(0, 0, 0)","(0, 0, 1, 7)",<statsmodels.tsa.statespace.sarimax.SARIMAXResultsWrapper object at 0x7fbf40fea700>,5.109145746167187e-14,0.3470271937200532
1676.5128459609389,"(0, 0, 0)","(1, 0, 0, 7)",<statsmodels.tsa.statespace.sarimax.SARIMAXResultsWrapper object at 0x7fbf92cf25e0>,5.105083227436052e-15,0.03472011603675468
1700.8108340274875,"(0, 0, 0)","(0, 0, 0, 7)",<statsmodels.tsa.statespace.sarimax.SARIMAXResultsWrapper object at 0x7fbf40fc52e0>,4.413102400725013e-15,0.13014329293067067
